impl_key,effect_slug,source_path,clause,role,aspect,resource,observed_text,implied_text,inference_kind,description,operator,value_si,si_unit,value_text,confidence,notes,updated
aharonov-bohm:clock_latency:coherence,aharonov-bohm,library/aharonov-bohm.md,clock_latency,requirement,latency,time,Decoherence faster than interferometer transit erases the shift.,"Clock is path coherence, not a plasma period.",envelope,Loss of phase coherence collapses the AB shift.,,,,coherence longer than transit,high,,2026-08-17
aharonov-bohm:consistency_gap:not-pair-quantum,aharonov-bohm,library/aharonov-bohm.md,consistency_gap,gap,output,charge,"The period is h/e, not h/2e.",Do not fold AB into gapped-condensate or identify the two quanta.,open,h/e versus h/2e is a load-bearing split.,,,,h/e ≠ h/2e,high,,2026-08-17
aharonov-bohm:emergent_output:h-over-e,aharonov-bohm,library/aharonov-bohm.md,emergent_output,output,output,other,Fringe shift periodic in Φ_AB = h/e = 4.135667e-15 Wb.,"Single-charge flux period, not superconducting h/2e.",relabel,The stable output is an h/e-periodic phase shift.,eq,4.135667e-15,Wb,Φ_AB = h/e,high,Contrast with flux-quantization Φ0=h/2e.,2026-08-17
aharonov-bohm:energy_barrier:no-latch,aharonov-bohm,library/aharonov-bohm.md,energy_barrier,requirement,threshold,b_field,Enclosed flux writes a phase. There is no static barrier holding a latched state.,"Driven interferometer, not a memory.",envelope,AB is not a latch.,,,,no latch; Φ writes a phase,high,,2026-08-17
aharonov-bohm:failure_mode:no-enclosure,aharonov-bohm,library/aharonov-bohm.md,failure_mode,failure,threshold,other,"A path that does not encircle the flux, or Φ→0, removes the shift.",Topology / zero flux is the collapse of this effect.,relabel,No enclosed flux ⇒ no AB shift.,,,,Φ=0 or path not enclosing,high,,2026-08-17
aharonov-bohm:hardware_scale:enclosing-loop,aharonov-bohm,library/aharonov-bohm.md,hardware_scale,requirement,scale,length,Two coherent paths that together enclose a confined flux. A simply connected path does not show the shift. B on the electron path can be made negligible.,The loop is the buffer. The solenoid interior is not the electron's hardware.,envelope,AB needs a multiply connected coherent path around a confined flux.,,,,closed coherent loop around Φ,high,,2026-08-17
antiferromagnetic-order:clock_latency:exchange,antiferromagnetic-order,library/antiferromagnetic-order.md,clock_latency,requirement,speed,frequency,"The protecting energy is exchange, set by kTN. The corresponding rate is far above ordinary ferromagnetic FMR.",There is no slow AFM write unless a spin-flop field or an exchange-bias field-cool is imposed. Macroscopic readout of the cancelled moment is not a hysteresis clock.,envelope,"Exchange, not the 28 GHz/T ferromagnetic carrier, sets the AFM protecting rate.",,,,exchange rate ≫ FMR; set by kTN,high,No numerical AFM resonance frequency is given in the file.,2026-08-17
antiferromagnetic-order:consistency_gap:sign-of-j,antiferromagnetic-order,library/antiferromagnetic-order.md,consistency_gap,gap,barrier,energy,The mapping takes the sign of the inter-sublattice coupling as data (the lattice and electronic structure that make J antiferromagnetic).,"QSA does not here derive why MnO is AFM and Fe is FM. That is a gap in the node rules, not a gap in the latch accounting.",open,"The AFM sign of J is taken, not produced from a more primitive node rule.",,,,sign of J taken,medium,File-level mapping remains High. Weak ferromagnetism/canting is not this gap.,2026-08-17
antiferromagnetic-order:emergent_output:cancelled-moment,antiferromagnetic-order,library/antiferromagnetic-order.md,emergent_output,output,output,dimensionless,Mnet ≈ 0 on the scale of a ferromagnet of the same sublattice magnetization. The sample exerts no useful permanent-magnet force.,"Cancelled net moment / ~0 force is the stable output of two opposed latches, not evidence that nothing is latched.",relabel,The cancelled latch emits approximately zero macroscopic force while the neutron superlattice remains.,approx,0.0,1,M_net ≈ 0 (no useful force),high,Weak canting in some compounds is a parasitic remainder; it does not convert the family into the permanent-magnet latch.,2026-08-17
antiferromagnetic-order:emergent_output:zero-hold-power,antiferromagnetic-order,library/antiferromagnetic-order.md,emergent_output,output,power,energy,Holding the ordered (cancelled) state costs zero continuous power. There is no hysteresis-heat bill at rest.,"A static antiparallel superlattice with Mnet ≈ 0, held at zero continuous power below TN.",relabel,Holding the cancelled latch costs zero watts.,eq,0.0,W,0 W hold,high,,2026-08-17
antiferromagnetic-order:energy_barrier:exchange,antiferromagnetic-order,library/antiferromagnetic-order.md,energy_barrier,requirement,barrier,energy,Exchange locks each sublattice against the other. Holding the ordered (cancelled) state costs zero continuous power. Mean-field TN ~ J identifies the exchange energy with the thermal cliff.,"The barrier is inter-sublattice exchange. The emergent dipole is ~0 because the two latches are opposed; cancelled force is the output, not a failure.",envelope,"A latch is a held configuration at zero hold-power, not a requirement of a nonzero dipole.",,,,exchange ~ kTN; zero hold-power,high,"TN ~ J is a fit to the thermal cliff, not a derivation of J from a node rule.",2026-08-17
antiferromagnetic-order:failure_mode:neel,antiferromagnetic-order,library/antiferromagnetic-order.md,failure_mode,failure,threshold,temperature,Handbook Néel points of the rock-salt monoxide class: MnO TN ≈ 118 K; FeO TN ≈ 198 K; NiO TN ≈ 523 K. Above TN the superlattice intensity is gone and the material is an ordinary paramagnet.,"Thermal over-barrier collapse of both sublattices → magnetic Bragg gone, Curie–Weiss paramagnet.",relabel,"The cancelled latch dies at TN, the analog of a ferromagnetic Curie point.",range,,K,"T > TN ≈ 118 K (MnO), 198 K (FeO), 523 K (NiO)",high,FeO is stoichiometry-sensitive. These are measured collapse temperatures of Bragg intensity and the susceptibility cusp.,2026-08-17
antiferromagnetic-order:failure_mode:spin-flop,antiferromagnetic-order,library/antiferromagnetic-order.md,failure_mode,failure,threshold,b_field,"Ordinary applied fields (well below a spin-flop / spin-flip field) do not rewrite AFM order into a net ferromagnet. Spin-flop fields, where measured, are tesla-class or larger in the monoxides.","A spin-flop field is a field write of the AFM configuration, not everyday ferromagnetic coercivity. Ordinary laboratory H is usually under that threshold.",envelope,Tesla-class fields can rewrite the relative sublattice orientation; ordinary lab fields do not make a permanent magnet.,,,T,spin-flop tesla-class or larger,medium,A given crystal’s spin-flop field is medium (anisotropy- and sample-dependent). No named-compound field is quoted.,2026-08-17
antiferromagnetic-order:hardware_scale:two-sublattices,antiferromagnetic-order,library/antiferromagnetic-order.md,hardware_scale,requirement,capacity,node_count,"Two-sublattice accounting: MA ≈ −MB, so Mnet ≈ 0. Each sublattice magnetization is of ordinary atomic-moment size. A single spin is not an antiferromagnet.","Hardware is two (or more) interpenetrating sublattices, each a directional latch, correlated over a volume large enough that exchange holds the antiparallel relation against kT.",relabel,"The cancelled latch requires at least two opposed ordered populations, not a single-moment cell.",min,2.0,1,≥ 2 sublattices,high,"Readable hardware is the magnetic superlattice (neutron / resonant x-ray / AFM-resonance), not a dipole field. Finite-size reduction of TN is noted without a portable KV.",2026-08-17
blackbody-spectrum:clock_latency:kt-over-h,blackbody-spectrum,library/blackbody-spectrum.md,clock_latency,requirement,speed,frequency,"Mode occupancy is of order one when hν ∼ kT. With defined h and k, kT/h ≈ 6.25 THz at 300 K. Optical frequencies at room temperature sit deep in the Wien tail. Wall thermalization must also finish.",Frequencies well below kT/h sit in the Rayleigh–Jeans envelope; frequencies well above it are exponentially empty. A wall that has not finished exchanging does not emit a single-T spectrum.,envelope,The spectral clock is the defined ratio kT/h plus the wall exchange window.,,,,kT/h (≈ 6.25 THz at 300 K),medium,"h and k are defined. 6.25 THz is arithmetic at 300 K, not an extracted machine clock.",2026-08-17
blackbody-spectrum:consistency_gap:underived-h,blackbody-spectrum,library/blackbody-spectrum.md,consistency_gap,gap,scale,volume,"Real cavities have shape-dependent density-of-states corrections (Weyl terms, cutoffs), measured in micromachined and cryogenic resonators. The mapping does not derive h or the Planck occupation factor from node rules.",QSA takes the measured curve and the Wien product as the output specification. Mode count is the buffer; those corrections confirm that without supplying a single universal volume.,open,"h is taken, not derived, and there is no universal cavity volume. That is the same honest limit as the missing N on the temperature entry.",,,,h taken; no universal cavity volume,medium,File-level mapping is Medium.,2026-08-17
blackbody-spectrum:emergent_output:planck-curve,blackbody-spectrum,library/blackbody-spectrum.md,emergent_output,output,output,other,A heated black cavity or surface emits a smooth spectrum that depends only on T. The per-wavelength peak follows Wien’s displacement; the frequency integral is the Stefan–Boltzmann law (other entry).,"The Planck curve u(ν,T) and its Wien peak, depending only on T, are the averaged spectral output of the thermal electromagnetic population.",relabel,"The machine’s stable product is the measured Planck shape, not a derived occupation factor.",,,,"u(ν,T); Wien peak",high,"h and k are defined. Relabel the measured curve; do not extract h as a QSA machine constant. Rayleigh–Jeans is a failed high-ν envelope, not an observed output. Integral owned by stefan-boltzmann.",2026-08-17
blackbody-spectrum:energy_barrier:no-latch,blackbody-spectrum,library/blackbody-spectrum.md,energy_barrier,requirement,threshold,dimensionless,No latch. A metal wall that reflects in the optical is simply not black: ε(ν)<1 and the emitted spectrum is not Planck.,"That is a failure of the black-body boundary condition, not a stored state.",envelope,"The blackbody spectrum has an operating boundary condition (ε=1), not an energy barrier that stores a written state.",,,,no latch; ε = 1 required,medium,Cross-cite plasma-frequency-cutoff and reflection for why a metal wall is not black in the optical.,2026-08-17
blackbody-spectrum:failure_mode:few-mode,blackbody-spectrum,library/blackbody-spectrum.md,failure_mode,failure,scale,length,"Cavity modes under-populated, or size ≲ λ_max(T), give a discrete or suppressed spectrum. The output is not a Planck curve of a well-defined T.",Under-occupied modes or a cavity not large compared with the Wien band collapse the smooth spectral average.,envelope,Few-mode or undersized cavities fail the Planck output for the same statistical reason a small N fails T.,,,,size ≲ λ_max(T) or few modes,medium,"Wien λ_max T ≈ 2898 μm·K locates the band; that product follows defined h, c, k and is not a QSA extraction.",2026-08-17
blackbody-spectrum:failure_mode:non-black,blackbody-spectrum,library/blackbody-spectrum.md,failure_mode,failure,output,dimensionless,"A surface that is not black (polished metal, selective coating) emits a distorted, lower curve. ε(ν)≠1 → grey or selective emission; the shape is no longer universal.",The wall has failed the black boundary condition. The same metal can succeed as a mirror and fail as a blackbody.,envelope,Non-black surfaces do not emit the universal Planck curve.,,,,ε(ν) ≠ 1,high,"Photoemission from the same hot wall is a different machine (photoelectric-threshold, work-function-thermionic).",2026-08-17
blackbody-spectrum:failure_mode:undefined-wall-t,blackbody-spectrum,library/blackbody-spectrum.md,failure_mode,failure,threshold,temperature,"If the wall population itself has no stable T — too few contributors, or observation inside its exchange window — there is no thermal spectrum to emit.","The spectrum inherits the temperature entry’s collapse: no stable wall average, no Planck curve.",envelope,An undefined wall T removes the thermal electromagnetic output.,,,,wall T not a stable average,medium,Cross-cite thermal-equilibrium-temperature.,2026-08-17
blackbody-spectrum:hardware_scale:mode-buffer,blackbody-spectrum,library/blackbody-spectrum.md,hardware_scale,requirement,capacity,node_count,A cavity so small or so cold that only a few electromagnetic modes sit under the thermal envelope does not present the smooth Planck shape. There is no single universal cavity size; the required volume tracks λ_max(T).,"Mode occupancy under the curve must be large enough, after averaging, to trace u(ν,T) rather than a handful of discrete lines, and the cavity must be large compared with the wavelengths that carry the energy at that T.",envelope,The hardware is a densely occupied thermal electromagnetic mode set coupled to a wall that itself has a stable T. No universal volume is extracted.,,,,many modes; size ≳ λ_max(T); no universal V,medium,At 300 K the relevant wavelengths are tens of micrometres; at a few kelvin they are millimetres. Do not invent a universal cavity volume.,2026-08-17
bose-einstein-condensate:clock_latency:trap-apparatus,bose-einstein-condensate,library/bose-einstein-condensate.md,clock_latency,requirement,latency,frequency,"Trap frequencies set the sloshing / expansion clocks of the cloud; they are apparatus scales, not a universal condensate clock. There is no Josephson 2e/h lock and no cyclotron clock. Interaction-driven sound in the condensed cloud is a hydrodynamic response of an already-formed condensate.",The BEC has no metrological lock and no material gap frequency; its clocks are trap and hydro scales of an already condensed cloud.,open,"Laboratory BEC clocks are apparatus and hydro, not a universal condensate tick.",,,,trap frequencies (apparatus),high,Analogous to second sound on superfluid-helium-4.,2026-08-17
bose-einstein-condensate:consistency_gap:family-tension,bose-einstein-condensate,library/bose-einstein-condensate.md,consistency_gap,gap,barrier,energy,"An ideal-gas BEC has no measured pairing gap. Collapse is loss of macroscopic occupation and of phase coherence, not gap closure of the superconducting kind. N ~ 10^3–10^7 is a working envelope, not a derived minimum node count. The laboratory condensate is not held at zero continuous power.",The file sits in gapped-coherence because the taxonomy groups protected collective modes that die at a critical temperature. Forcing a gap onto the alkali cloud would be an interpretive overlay. QSA takes 2.612 from the ideal-gas condition.,open,"Family assignment is looser than a pairing gap; the thermal/density cliff is real, the gap language is not, and the phase-space threshold is taken rather than derived.",,,,no pairing gap; family tension,medium,"File-level mapping is Medium for this tension, the unsharp node count, and the taken 2.612. Dense 4He and dilute alkali gases are not the same hardware.",2026-08-17
bose-einstein-condensate:emergent_output:mode-occupation,bose-einstein-condensate,library/bose-einstein-condensate.md,emergent_output,output,output,dimensionless,"After release, the velocity distribution is bimodal: a narrow peak sits on a broader thermal cloud. Two independent condensates released into each other produce interference fringes.","The stable output is a macroscopic occupation of one mode — read as a condensate fraction, a narrow velocity peak, and interference contrast — only while the cloud stays above the critical phase-space density.",envelope,"The machine's product is one-mode occupation and interference contrast, not a quantized electrical constant.",min,,,N0/N > 0; interference contrast,high,No claim is made about what the condensate is. Relation to superfluid-helium-4 is analogical.,2026-08-17
bose-einstein-condensate:energy_barrier:tc-n,bose-einstein-condensate,library/bose-einstein-condensate.md,energy_barrier,requirement,threshold,temperature,The condensate fraction N0/N falls to zero as T → Tc or as the density is lowered through the threshold at fixed T. This is not a latched anisotropy barrier and not a measured superconducting gap.,The load-bearing threshold is thermal / density. Holding the condensate requires continuous cooling and trapping resources; it is not a zero-power latch.,envelope,"BEC is gated by Tc(n), not by a pairing gap or a remanence barrier.",,,,T > Tc(n) or n dropped at fixed T,high,"Contrast with permanent-magnet-latch and flux-quantization, which hold state at zero continuous power.",2026-08-17
bose-einstein-condensate:failure_mode:above-tc,bose-einstein-condensate,library/bose-einstein-condensate.md,failure_mode,failure,threshold,temperature,Warming the sample removes the bimodal peak and the interference contrast; the cloud is then an ordinary thermal gas. N0 → 0 at Tc.,T > Tc(n) destroys macroscopic occupation and phase coherence.,relabel,Thermal collapse of the condensate fraction at the density-set Tc.,min,,,T > Tc(n),high,"Working Tc sits in the nK–μK class of the apparatus envelope. Heating and three-body loss are practical routes to this collapse, not a third machine class.",2026-08-17
bose-einstein-condensate:failure_mode:density-drop,bose-einstein-condensate,library/bose-einstein-condensate.md,failure_mode,failure,capacity,dimensionless,"The trapped condensate is not a self-bound droplet: when the trap is switched off the cloud expands. Loss of atoms (background-gas collisions, three-body recombination) lowers n and can drop the sample back through Tc(n). Either route destroys the bimodal peak and the interference contrast.","Expansion, atom loss, or a weaker trap drops n through the critical line at fixed T — the same collapse as warming. Without confinement the cloud is not a stable laboratory condensate.",envelope,Spatial / density under-provisioning walks the cloud back through nλth³ ≈ 2.612.,max,2.612,1,nλth³ ≲ 2.612,high,Same critical line as the hardware-scale row; this row is the density-drop failure.,2026-08-17
bose-einstein-condensate:hardware_scale:phase-space-density,bose-einstein-condensate,library/bose-einstein-condensate.md,hardware_scale,requirement,threshold,dimensionless,"Ideal-gas threshold written as a phase-space density: n λth³ ≃ 2.612, with λth = h/√(2π m kT). 2.612 is ζ(3/2). Condensate present above that value; absent below it.","The nodes are the atoms; the buffer is the combination of number, volume, and temperature that puts enough of them in one mode. This is the measured phase-space condition taken as the specification, not a derived node rule.",envelope,A trapped cloud becomes a condensate when its phase-space density crosses the ideal-gas value 2.612.,min,2.612,1,nλth³ ≈ 2.612,high,"Envelope/relabel of the ideal-gas condition, not a derived node rule. In a harmonic trap the same condition at peak density gives Tc that scales as N^{1/3} times the trap frequency.",2026-08-17
bose-einstein-condensate:hardware_scale:working-envelope,bose-einstein-condensate,library/bose-einstein-condensate.md,hardware_scale,requirement,capacity,node_count,"Laboratory alkali condensates sit at nanokelvin to microkelvin temperatures with typical atom numbers 10^3–10^7. Those ranges are the working envelope of the existing apparatus class, not a single universal cliff.",There is no measured few-nanometre continuity cliff and no single minimum N at which the effect switches on. 10^3–10^7 is the envelope in which a stable condensate fraction is routinely read out.,envelope,"The laboratory node count is a working envelope, not a derived hardware cliff.",range,100000.0,1,N ~ 10^3–10^7; nK–μK,medium,value_si is a geometric mid-class of the quoted atom-number window. Species-by-species scattering lengths and interaction Tc shifts are medium and are not required here.,2026-08-17
brownian-motion:clock_latency:momentum-relax,brownian-motion,library/brownian-motion.md,clock_latency,requirement,latency,time,Momentum relaxation τ_p = m/γ is tens of nanoseconds for a micrometre sphere in water. Windows longer than τ_p see the overdamped random walk; shorter windows resolve ballistic segments.,"Two clocks: bath collision time, and tracer velocity-forget time τ_p. The overdamped MSD law is a clock constraint, not a different effect.",envelope,The overdamped Einstein walk applies only after the tracer has forgotten its momentum.,,,,τ_p ∼ tens of ns (μm sphere in water),medium,"Tens of ns is a class for that tracer/bath, not a universal clock.",2026-08-17
brownian-motion:consistency_gap:no-universal-radius,brownian-motion,library/brownian-motion.md,consistency_gap,gap,scale,length,The mapping does not derive k or Stokes’ 6π from node rules. There is no single particle-size cliff.,QSA takes D = kT/γ and the measured τ_p crossover as the specifications. The missing universal radius is the same statistical gap as the missing N on the temperature entry.,open,k and the Stokes prefactor are taken; no universal tracer size is extracted.,,,,k and 6π taken; no universal a,medium,File-level mapping is Medium.,2026-08-17
brownian-motion:emergent_output:einstein-d,brownian-motion,library/brownian-motion.md,emergent_output,output,output,other,"D = kT/γ and ⟨x^2⟩ = 2dDt for t ≫ τ_p. For a micrometre sphere in water, D is of order 10^{-13} m^2 s^{-1}, so the rms displacement in one second is of order a micrometre.",Diffusivity and a linearly growing MSD are the still-visible remainder of an incomplete impact average. For large bodies the emergent output on the same window is stillness.,relabel,"The named output is the Einstein relation, the electrical twin of which is 4kTRΔf.",,,,D = kT/γ; ⟨x^2⟩ = 2dDt,high,k is defined. Do not extract 10^{-13} m^2 s^{-1} as a universal machine number; it is a class for a micrometre tracer in water. Cross-cite johnson-nyquist-noise.,2026-08-17
brownian-motion:energy_barrier:no-latch,brownian-motion,library/brownian-motion.md,energy_barrier,requirement,barrier,energy,None holding a latched state. The operating resource is kT against the drag. T→0 sends D→0. Removing the bath (vacuum) removes the impact rain.,Jitter is not a stored configuration.,envelope,Brownian motion has no energy barrier that stores a state.,,,,no latch; kT vs drag,medium,k is defined.,2026-08-17
brownian-motion:failure_mode:large-body-still,brownian-motion,library/brownian-motion.md,failure_mode,failure,scale,length,"A particle so large, heavy, or overdamped that the kicks average below the resolution of the window looks still. D falls as 1/a. Everyday objects present no visible wander on the same window.","This is completion of the average — collapse of the visible effect, not a missing machine.",envelope,"When the impact average finishes inside the observation window, the named jitter disappears and the object looks still.",,,,large a / m / γ → still,high,Keep this explicit or the collapse statement looks like a missing machine rather than a finished one.,2026-08-17
brownian-motion:failure_mode:short-window,brownian-motion,library/brownian-motion.md,failure_mode,failure,latency,time,Windows ≪ τ_p resolve ballistic segments. The overdamped ⟨x^2⟩ = 2dDt envelope does not apply there.,"Clock constraint on the overdamped output, not a different machine.",envelope,Observe faster than momentum relaxation and the Einstein walk is the wrong envelope.,,,,t ≪ τ_p → ballistic,medium,Optical-tweezer experiments resolve this crossover. Knudsen or vacuum conditions separately fail Stokes γ and the Einstein relation in the form above.,2026-08-17
brownian-motion:failure_mode:t-to-zero,brownian-motion,library/brownian-motion.md,failure_mode,failure,threshold,temperature,Cooling the bath reduces the wander. T→0 sends D→0.,Shrink the thermal resource and the incomplete mechanical average disappears.,envelope,"No thermal bath energy, no Einstein diffusivity.",,,,T → 0 ⇒ D → 0,high,Shares this collapse with johnson-nyquist-noise (4kTRΔf).,2026-08-17
brownian-motion:hardware_scale:bath-and-tracer,brownian-motion,library/brownian-motion.md,hardware_scale,requirement,scale,length,"Two nested statistical scales, neither a single cliff. The fluid must itself be a large thermal population with a stable T and, for Stokes drag, a continuum mean free path short compared with the particle. Visible jitter is the failure of the impact average to finish. There is no universal radius.","Everyday stillness is the completed average; Brownian motion is the under-averaged remainder. “Visible” tracks optical resolution, T, η, and the chosen window.",open,No universal particle size is extracted. Making the tracer larger completes the average rather than crossing a hardware cliff.,,,,no universal radius; bath continuum (L ≳ λ),medium,"A micrometre “cliff” because that is where a microscope works would be a convention, not a hardware threshold. D falls as 1/a; that is a scaling of the output, not an N-cliff.",2026-08-17
casimir-force:clock_latency:cavity-mode,casimir-force,library/casimir-force.md,clock_latency,requirement,speed,frequency,Cavity modes of order c/d. Not the metal plasma period.,Clock is the gap electromagnetic spectrum.,envelope,"Mode cutoff of the gap, not ωp of the faces.",,,,~c/d,high,,2026-08-17
casimir-force:consistency_gap:taken-prefactor,casimir-force,library/casimir-force.md,consistency_gap,gap,output,other,The π²ℏc/240 prefactor is taken from the mode sum. Patch charge and roughness sit between the formula and any one apparatus.,Same class of taken output as optical δ.,open,Prefactor taken; mapping Medium.,,,,π²ℏc/240 taken,medium,,2026-08-17
casimir-force:emergent_output:one-over-d4,casimir-force,library/casimir-force.md,emergent_output,output,output,other,Ideal plate pressure π²ℏc/240d^4 ≈ 1.3 mPa at d=1 μm.,"Taken mode-sum output, not derived from a node count.",relabel,The stable output is the Casimir/Lifshitz attraction.,eq,0.0013,Pa,~1.3 mPa at 1 μm,medium,value_si is the 1 μm plate pressure class.,2026-08-17
casimir-force:energy_barrier:no-latch,casimir-force,library/casimir-force.md,energy_barrier,requirement,threshold,energy,The force is a geometry output of the mode spectrum. No stored bit.,Not a latch.,envelope,Casimir is not a memory.,,,,no latch,high,,2026-08-17
casimir-force:failure_mode:large-gap,casimir-force,library/casimir-force.md,failure_mode,failure,scale,length,Force falls as 1/d^4 (plates) and becomes unmeasurable at ordinary lab spacings.,Starving the gap (opening it) collapses the output.,envelope,Large d sends F into the noise.,min,1e-06,m,d ≳ few μm → into noise,high,,2026-08-17
casimir-force:hardware_scale:gap,casimir-force,library/casimir-force.md,hardware_scale,requirement,scale,length,Laboratory force sits in the 0.1–1 μm gap class (Lamoreaux 0.6–6 μm). Conducting faces required.,"The buffer is the gap (which EM modes fit), plus conducting faces.",envelope,Casimir needs a sub-μm class gap between contrasting faces.,approx,1e-06,m,d ~ 0.1–1 μm class,high,,2026-08-17
coherent-neutrino-scattering:clock_latency:weak,coherent-neutrino-scattering,library/coherent-neutrino-scattering.md,clock_latency,requirement,latency,time,Weak interaction; far below laboratory clocks.,Detector integration is collection.,envelope,Prompt weak scatter.,,,,≪ laboratory clock,high,,2026-08-17
coherent-neutrino-scattering:consistency_gap:detector-floor-not-gate,coherent-neutrino-scattering,library/coherent-neutrino-scattering.md,consistency_gap,gap,threshold,energy,Laboratory recoil threshold is an instrument floor. GF and the form factor are taken.,Do not treat the calorimeter floor as the process gate.,open,Detection floor ≠ process cliff. Mapping Medium.,,,,readout floor taken,medium,,2026-08-17
coherent-neutrino-scattering:emergent_output:n-squared-recoil,coherent-neutrino-scattering,library/coherent-neutrino-scattering.md,emergent_output,output,output,other,Nuclear-recoil rate enhanced as N² in the coherent window (COHERENT 2017).,N² recoils as the synchronized output of many νA events.,envelope,Coherent N² recoil rate.,,,,σ ∝ N² in-window,high,,2026-08-17
coherent-neutrino-scattering:energy_barrier:coherence-window,coherent-neutrino-scattering,library/coherent-neutrino-scattering.md,energy_barrier,requirement,threshold,energy,No IBD 1.8 MeV gate. Coherence requires qR≪1 (Eν ≲ tens of MeV for mid-mass nuclei).,"The gate is the coherence window, not a rest-mass threshold.",envelope,qR≪1 is the operating window.,,,,qR ≪ 1; Eν ≲ 50 MeV class,high,,2026-08-17
coherent-neutrino-scattering:failure_mode:coherence-lost,coherent-neutrino-scattering,library/coherent-neutrino-scattering.md,failure_mode,failure,threshold,energy,qR≳1 (too-hard neutrino) collapses the N² channel. No nucleus ⇒ no recoil.,"Loss of coherence, not under-threshold rest-mass non-occurrence.",envelope,Hard scatter or missing nucleus kills CEνNS.,,,,qR ≳ 1 or no nucleus,high,,2026-08-17
coherent-neutrino-scattering:hardware_scale:neutrino-plus-nucleus,coherent-neutrino-scattering,library/coherent-neutrino-scattering.md,hardware_scale,requirement,scale,node_count,One neutrino plus one nucleus. Heavy N is capacity of the N² amplitude.,"Same extra-node shape as pair production, different probe.",envelope,Hardware is ν + nucleus.,eq,1.0,1,1 neutrino + 1 nucleus,high,,2026-08-17
coulomb-blockade:clock_latency:tunnel-rc,coulomb-blockade,library/coulomb-blockade.md,clock_latency,requirement,latency,time,Tunnel/charging rate set by RT and C.,Observation faster than charging is not a blockade reading.,envelope,RC / tunnel clock.,,,,~(e² RT C)⁻¹ class,medium,,2026-08-17
coulomb-blockade:consistency_gap:rq-not-hall,coulomb-blockade,library/coulomb-blockade.md,consistency_gap,gap,output,other,"RQ=h/e² here is a resistance floor for charge quantization, not a Hall plateau.",Do not identify with QHE RH.,open,"Same combination h/e², different role.",,,,RQ ≠ RH,high,,2026-08-17
coulomb-blockade:emergent_output:diamonds,coulomb-blockade,library/coulomb-blockade.md,emergent_output,output,output,other,Coulomb diamonds / staircase with period e on the island.,Stable output is a blockaded window periodic in e.,envelope,Diamond / staircase as the gated output.,,,,diamonds period e,high,,2026-08-17
coulomb-blockade:energy_barrier:charging-energy,coulomb-blockade,library/coulomb-blockade.md,energy_barrier,requirement,threshold,energy,Ec = e²/2C. Current blocked for |eV| ≲ Ec except at degeneracy.,Ec is the load-bearing gate. Not φ and not a latch barrier.,relabel,Single-electron charging gate.,eq,1.282e-23,J,Ec = e²/2C (80 μeV at 1 fF),high,,2026-08-17
coulomb-blockade:failure_mode:thermal-or-open,coulomb-blockade,library/coulomb-blockade.md,failure_mode,failure,threshold,temperature,"kT ≳ Ec, or RT ≲ RQ=h/e²≈25813 Ω, washes the diamonds out.",Thermal overrun or charge not integer are the collapses.,envelope,T too high or RT too small kills the blockade.,min,25813.0,ohm,kT≪Ec and RT≫RQ,high,,2026-08-17
coulomb-blockade:hardware_scale:small-island,coulomb-blockade,library/coulomb-blockade.md,hardware_scale,requirement,scale,other,"Island C in the aF–fF class so Ec=e²/2C exceeds kT. For C=1 fF, Ec≈80 μeV≈0.93 K.",The island is the buffer. Too large ⇒ Ec vanishes into kT.,derived,Charging-energy buffer is the island capacitance.,approx,1e-15,F,C ~ aF–fF; 1 fF → 80 μeV,high,,2026-08-17
curie-paramagnetism:clock_latency:averaged-projection,curie-paramagnetism,library/curie-paramagnetism.md,clock_latency,requirement,latency,time,Single-moment Larmor / attempt clocks are the same gigahertz-per-tesla scale already recorded on the magnet latch (γ/2π ≈ 28 GHz T^{-1}). The Curie reading is a time-averaged projection along B.,"Observation faster than the bath exchange, or faster than the moment’s relaxation in the host, is not χ = C/T.",envelope,"χ = C/T is an average over the host / bath relaxation window, not a single-spin precession readout.",,,,average over bath / host relaxation,medium,28.025 GHz/T is the single-spin carrier owned as a clock by permanent-magnet-latch. Do not treat it as a Curie-law number.,2026-08-17
curie-paramagnetism:consistency_gap:underived-c,curie-paramagnetism,library/curie-paramagnetism.md,consistency_gap,gap,capacity,node_count,The isolated-moment Curie constant C = μ_0 n g^2 μ_B^2 S(S+1)/(3k) is recorded as a descriptive prefactor. The mapping does not compute C or θ from node rules and does not invent a universal spin count.,C and θ are taken from measurement. Those are the same honest gaps as on the other ensemble-average entries.,open,"C and θ are taken, not derived, and no universal moment count is extracted.",,,,"C, θ taken; no universal N",medium,File-level mapping is Medium. k is defined.,2026-08-17
curie-paramagnetism:emergent_output:curie-chi,curie-paramagnetism,library/curie-paramagnetism.md,emergent_output,output,output,dimensionless,"χ = C/T, or C/(T−θ) when mean interactions are present but have not yet locked the population. Linear in B at small x. Zero remnant at B=0. No hysteresis loop of the kind a hard magnet keeps.","Reversible susceptibility is the averaged projection of an unlocked-moment population. Remanence at B=0 is the latch, not this average.",relabel,The stable output is χ = C/T with zero remnant. That is the unlocked contrast to the latched magnet.,,,,χ = C/T (zero remnant),high,"Contrast with permanent-magnet-latch. Pauli paramagnetism is a different, nearly T-independent Fermi-surface envelope and is not filed as Curie. C and θ are taken from fit or ionic configuration.",2026-08-17
curie-paramagnetism:energy_barrier:unlocked-no-latch,curie-paramagnetism,library/curie-paramagnetism.md,energy_barrier,requirement,barrier,energy,Operating condition of this effect: no latching barrier. The moments remain unlocked. A latched grain holds a directional moment at zero continuous field and zero continuous power; an unlocked Curie population holds nothing at B=0.,"This machine exists only while there is no anisotropy barrier holding a remnant. Soft iron above its useful coercivity but below T_C is still a ferromagnetic collective, not Curie.",envelope,Curie paramagnetism requires the absence of the magnet-latch barrier.,,,,no latch; unlocked moments; zero remnant at B=0,medium,Contrast with permanent-magnet-latch. Ferromagnetic-hysteresis owns the poorly latched ferromagnet. Superparamagnetism is a small grain with a KV barrier that only looks unlocked above T_B.,2026-08-17
curie-paramagnetism:failure_mode:high-t-vanishes,curie-paramagnetism,library/curie-paramagnetism.md,failure_mode,failure,threshold,temperature,Heating toward very high T drives χ→0: the same field produces less and less moment. The population is still unlocked; the useful output has vanished into the instrument floor.,"High-T collapse of the useful moment is still Curie, just an unusably small average.",envelope,"χ = C/T remains the envelope as T→∞, but the useful moment for a given B disappears.",,,,T → ∞ ⇒ χ → 0,medium,"Not a change of family, unlike T→T_C.",2026-08-17
curie-paramagnetism:failure_mode:order-lock,curie-paramagnetism,library/curie-paramagnetism.md,failure_mode,failure,threshold,temperature,"Cooling through θ, T_C, or T_N installs a latch or a staggered order. Below those temperatures χ is no longer C/T.",χ = C/T dies because the machine has changed family — unlocked ensemble replaced by latched or staggered order — not because this average was merely cooled.,envelope,Order at T_C / T_N / θ replaces the Curie ensemble with a different machine.,,,,T < T_C / T_N / θ → order,high,"Cross-cite permanent-magnet-latch, ferromagnetic-hysteresis, antiferromagnetic-order. No single ordering temperature is extracted here; C and θ are material-specific.",2026-08-17
curie-paramagnetism:failure_mode:saturation,curie-paramagnetism,library/curie-paramagnetism.md,failure_mode,failure,threshold,b_field,"The linear χ envelope fails when μB is no longer small compared with kT. With μ_B/k ≈ 0.672 K T^{-1}, kT/μ_B at 300 K is several hundred tesla, so a 1 T laboratory field sits deep in the linear regime. At a kelvin, tesla-scale fields reach Brillouin / Langevin saturation.",Above μB ∼ kT the Brillouin function saturates and χ is no longer C/T.,envelope,Large B/T takes the unlocked population out of the linear Curie envelope without locking it.,,,,μB ≳ kT → saturation,high,"μ_B/k is a defined-constant ratio, not a QSA extraction.",2026-08-17
curie-paramagnetism:hardware_scale:unlocked-population,curie-paramagnetism,library/curie-paramagnetism.md,hardware_scale,requirement,capacity,node_count,"A large population of unlocked moments sharing a bath T, observed as a net M in an applied B. One spin is not a susceptibility. There is no universal N cliff. Volume enters this family as count, not as an anisotropy barrier.",Macro χ is the averaged response of the unlocked population. Dilute moments still follow Curie once N is large enough for the magnetometer; concentrated moments follow Curie–Weiss until they lock.,open,Curie paramagnetism is a statistical unlocked-moment average. No spin-count cliff and no KV volume threshold are extracted.,,,,"no universal N; volume is count, not KV",medium,"Contrast with permanent-magnet-latch (barrier-protected remnant) and superparamagnetism (same latch, under-provisioned V). A true Curie ion has no anisotropy-volume cliff.",2026-08-17
cyclotron-resonance:clock_latency:omega-c,cyclotron-resonance,library/cyclotron-resonance.md,clock_latency,requirement,speed,frequency,ωc = eB/m*. Free electrons: fc ≈ 28.0 GHz T^{-1}. GaAs conduction electrons: m*≈0.067 me so fc≈0.42 THz T^{-1}.,Clock is load-bearing. ω must match ωc. B sets that clock. τ is the reset / decoherence time of the orbital motion.,relabel,"A driven orbital clock at eB/m*, not a plasma-period screening cycle.",eq,28000000000.0,Hz/T,28.0 GHz T^{-1} (free electron),high,"si_unit is Hz per tesla; value_si is the 1 T frequency. This 28 GHz T^{-1} coincides with g=2 spin resonance; the degree of freedom is orbital, not spin. GaAs class is 0.42 THz T^{-1}. Same carriers can also run the ωp clock (plasma-frequency-cutoff).",2026-08-17
cyclotron-resonance:consistency_gap:underived-mstar,cyclotron-resonance,library/cyclotron-resonance.md,consistency_gap,gap,output,mass,QSA records 0.067 me in GaAs as a measured output of the lattice-plus-carrier machine. It does not derive that fraction from node rules.,"m* is located as an emergent output. The lattice that renormalizes the mass is pointed at, not derived here.",open,Open item is m* itself. Clock match and ωcτ≳1 still close as a High mapping.,,,,"m* taken, not derived",medium,File-level mapping remains High. CR does not become a lattice-mode entry: the collapse is not a phonon cutoff. Cross-cite semiconductor-gap-absorption and faraday-rotation (off-resonant cousin).,2026-08-17
cyclotron-resonance:emergent_output:m-star,cyclotron-resonance,library/cyclotron-resonance.md,emergent_output,output,output,mass,The resonance field at a known frequency is read as an effective mass. GaAs conduction electrons: m*≈0.067 me. Si and Ge are anisotropic (distinct longitudinal and transverse masses).,An absorption line whose position is the effective mass (or mass tensor) of the carrier population.,relabel,"The synchronized orbital response emits m* as a measured output, not as a derived node mass.",approx,,,m*≈0.067 me (GaAs electrons),high,"value_si left null: the file quotes a ratio to me, not a kilogram mass. Angular pattern of anisotropic bands is data from which the tensor is read.",2026-08-17
cyclotron-resonance:energy_barrier:no-latch,cyclotron-resonance,library/cyclotron-resonance.md,energy_barrier,requirement,threshold,b_field,"No continuous power is required of the sample beyond the probing field. B is required both to set ωc and, in practice, to push ωc τ through unity.","No latch. field-threshold marks B as a clock-setting resource, not a stored-state barrier.",relabel,CR is a driven orbital match. There is no barrier holding a written state.,,,,no latch; B sets ωc,high,,2026-08-17
cyclotron-resonance:failure_mode:off-resonance,cyclotron-resonance,library/cyclotron-resonance.md,failure_mode,failure,speed,frequency,Off resonance the absorption falls. Resonance condition ω=ωc (or ω=n ωc in Azbel–Kaner / harmonic geometries).,Clock mismatch → no line.,relabel,The load-bearing spectral collapse is ω≠ωc.,,,,ω ≠ ωc,high,B→0 sends ωc→0 and ωcτ→0 together.,2026-08-17
cyclotron-resonance:failure_mode:omega-c-tau,cyclotron-resonance,library/cyclotron-resonance.md,failure_mode,failure,threshold,dimensionless,"In a dirty or warm sample the line is absent even at the nominal matching field. ωc τ < 1 (impurity scattering, or phonon scattering as T rises) washes the line out.","The orbit is not completed. Thermal collapse is a shortened τ, not a Curie point.",relabel,Scattering-time failure of the orbital clock. Twin of the ωcτ≳1 hardware spec.,max,1.0,1,ωc τ < 1,high,"Any one sample’s τ(T) is medium. quantum-hall-effect uses the same clean high-B, low-T 2DEG setting; the output there is a quantized Hall resistance, not an m* line.",2026-08-17
cyclotron-resonance:hardware_scale:omega-c-tau,cyclotron-resonance,library/cyclotron-resonance.md,hardware_scale,requirement,threshold,dimensionless,"Visibility condition: ωc τ ≳ 1 (equivalently ωτ ≳ 1 on resonance). If the carrier scatters before completing an orbit, there is no line. A specific τ is sample-dependent; the inequality is the boundary.",The buffer that gates the macro line is mean free path versus orbit — a clock resource written as a length. No single film-thickness cliff.,relabel,Hardware is a carrier population whose scattering time lets an orbit be a well-defined clock.,min,1.0,1,ωc τ ≳ 1,high,"Original Si/Ge microwave resonances were recorded near liquid-helium temperature. T kills CR by shortening τ, not by a Curie-like transition.",2026-08-17
cyclotron-resonance:hardware_scale:skin-recut,cyclotron-resonance,library/cyclotron-resonance.md,hardware_scale,requirement,scale,length,"In metals the microwave field occupies only the skin layer. Azbel–Kaner geometry (B parallel to the surface) lets a carrier recut that layer once per orbit. Without that geometry, bulk-metal CR is not observed.",3D-metal CR adds the skin layer as the only volume the drive occupies. The cyclotron match is a different clock from the skin itself.,envelope,Metal CR borrows skin-effect’s screening length as its spatial buffer.,,,,Azbel–Kaner recut of the skin layer,high,Cross-cite skin-effect. The cyclotron radius rc=m* v_⊥/eB is a real orbit size but is not the usual collapse.,2026-08-17
debye-cutoff:clock_latency:omega-d-ceiling,debye-cutoff,library/debye-cutoff.md,clock_latency,requirement,speed,frequency,"Corresponding clock class, from the definition of Θ_D: a few terahertz for Pb-class Θ_D (~100 K), tens of terahertz for diamond-class Θ_D (~2000 K). Thermal occupation of the last modes requires kT ~ ħω_D = kΘ_D.",ω_D is the clock ceiling of the ion grid under the linear-spectrum count. Below it only a T³-growing fraction of the 3N modes is in play; above it the mechanical spectrum is fully occupied.,envelope,"The Debye clock is a few THz (Pb class) to tens of THz (diamond class), the continuum stand-in for the zone-boundary ceiling.",range,,Hz,few THz (Pb class) to tens of THz (diamond class),high,Do not convert Θ_D to a single invented ω_D pin. Real ceiling is the Brillouin-zone boundary on phonon-dispersion.,2026-08-17
debye-cutoff:consistency_gap:underived-theta-d,debye-cutoff,library/debye-cutoff.md,consistency_gap,gap,threshold,temperature,Identifying the ceiling with a single spherical ω_D is an interpolation: the measured ceiling is the zone-boundary set on phonon-dispersion. QSA currently takes handbook Θ_D as the clock specification and does not derive it from a more primitive node rule.,"The 3N ceiling is tight; the Debye-sphere pin is taken, not derived.",open,Finite mode count is closed. A single spherical Θ_D is an interpolation over the real zone boundary.,,,,Θ_D taken; sphere vs zone boundary,medium,"File-level mapping remains High. Gap is the sphere versus the real zone boundary, not the existence of a cutoff.",2026-08-17
debye-cutoff:emergent_output:theta-d-class,debye-cutoff,library/debye-cutoff.md,emergent_output,output,output,temperature,Handbook class: Pb Θ_D ∼ 100 K; diamond Θ_D ∼ 2000 K. Room temperature (≈ 300 K) sits above the lead ceiling and far below the diamond ceiling. Low-T insulator heat capacity follows T³; high-T lattice heat capacity saturates at 3Nk (Dulong–Petit).,"A material-typical Θ_D and the two heat-capacity limits it organizes are the averaged output of a finite, synchronized mechanical population.",envelope,"The finite-mode machine emits a Θ_D class from ~100 K (Pb) to ~2000 K (diamond), with T³ and 3Nk as the organized bounds.",range,,K,Θ_D ~100 K (Pb) to ~2000 K (diamond),high,Any one numerical Θ_D is medium (extraction method moves the number inside the class). Metals add a separate γT term owned by electron-heat-capacity.,2026-08-17
debye-cutoff:energy_barrier:spectral-edge-not-latch,debye-cutoff,library/debye-cutoff.md,energy_barrier,requirement,threshold,energy,"ħω_D is a spectral edge, not an activation energy that protects a memory. The operating condition is a surviving lattice with a finite number of oscillators.",No latched barrier. Θ_D organizes occupation of the last modes; it does not hold a written state.,envelope,"The Debye edge is a cutoff on the oscillator table, not a KV-style memory barrier.",,,,"ħω_D = kΘ_D spectral edge, not a latch",high,Θ_D is not a melting temperature.,2026-08-17
debye-cutoff:failure_mode:grid-loss,debye-cutoff,library/debye-cutoff.md,failure_mode,failure,threshold,temperature,"If the lattice is destroyed, the 3N crystalline modes are gone and the liquid has a different, overdamped spectrum. Lead is already classical at 300 K and still solid until T_m ≈ 600 K; diamond’s Θ_D class sits near 2000 K and the 1 atm solid does not melt.",Melting removes the crystalline mode table. Exceeding Θ_D does not.,envelope,"Grid destruction, not Θ_D overrun, ends the 3N crystalline clocks.",,,K,melting ends 3N modes; Θ_D ≠ T_m (Pb T_m ≈ 600 K),high,Cross-cite melting.,2026-08-17
debye-cutoff:failure_mode:no-mode-above-cutoff,debye-cutoff,library/debye-cutoff.md,failure_mode,failure,speed,frequency,Modes with ω > ω_D are simply not present in the count. No additional lattice-mode heat capacity appears once the thermal window is above the last mechanical frequency. The grid does not go transparent the way a metal does above ω_p.,"Drive or thermal weight at ω > ω_D finds no further lattice mode to occupy. The mode is absent, not evanescent.",envelope,"Above the finite-mode ceiling there is no extra phonon channel. That is a cutoff, not a plasma-edge transmission.",min,,,ω > ω_D (mode absent),high,Do not identify this with reflection’s plasma-edge collapse.,2026-08-17
debye-cutoff:failure_mode:too-few-nodes,debye-cutoff,library/debye-cutoff.md,failure_mode,failure,capacity,node_count,"N too small for a density of states → discrete molecular lines, not a Debye continuum. The hardware for the Debye interpolation is a 3-D lattice large enough that mode counting can be replaced by an integral up to q_D ∼ 2π/a.","The continuum cutoff is a large-N object. Under-provisioned N is a different spectrum, not a lower Θ_D of the same machine.",envelope,A cluster does not run a Debye sphere. Continuum Θ_D requires a lattice large enough for the q_D integral.,,,,"N too small → discrete lines, not Debye",high,Using one ω_D on a crystal with hard optical branches or strong anisotropy makes Θ_D a fit parameter rather than a hardware pin.,2026-08-17
debye-cutoff:hardware_scale:three-n-modes,debye-cutoff,library/debye-cutoff.md,hardware_scale,requirement,capacity,node_count,"N atoms ⇒ 3N mechanical degrees of freedom, hence at most 3N lattice modes. That ceiling is a counting fact, independent of the Debye approximation used to locate it.",The clock ceiling exists because the node count is finite. A macroscopic crystal still has a highest mechanical frequency.,relabel,"Finite N is the hardware: 3N modes, no more. The Debye sphere is only a way to place that count on a linear spectrum.",eq,3.0,1,3N modes (3 per atom),high,A molecule or cluster has a discrete vibrational set and no continuum Debye sphere.,2026-08-17
deuteron-photodisintegration:clock_latency:nuclear,deuteron-photodisintegration,library/deuteron-photodisintegration.md,clock_latency,requirement,latency,time,Nuclear photodisintegration is far below any laboratory clock.,Collection of p or n is a later step.,envelope,Prompt nuclear unbinding.,,,,≪ laboratory clock,high,,2026-08-17
deuteron-photodisintegration:consistency_gap:taken-bd,deuteron-photodisintegration,library/deuteron-photodisintegration.md,consistency_gap,gap,threshold,energy,Bd is the measured mass defect. QSA does not derive the nuclear force.,Same honesty as taking me.,open,"Bd taken, not derived.",,,,Bd taken,medium,,2026-08-17
deuteron-photodisintegration:emergent_output:photoneutron,deuteron-photodisintegration,library/deuteron-photodisintegration.md,emergent_output,output,output,other,Photoneutron / photoproton yield above 2.224 MeV.,Yield of independent γd conversions.,envelope,Photodisintegration yield above Bd.,,,,p+n yield above 2.224 MeV,high,,2026-08-17
deuteron-photodisintegration:energy_barrier:binding,deuteron-photodisintegration,library/deuteron-photodisintegration.md,energy_barrier,requirement,threshold,energy,Bd = 2.224 MeV. Below that the γ+d→p+n channel is closed.,Unbinding gate of a pre-existing pn bound state.,relabel,2.224 MeV deuteron unbinding gate.,eq,3.563e-13,J,Bd = 2.224 MeV,high,,2026-08-17
deuteron-photodisintegration:failure_mode:under-threshold,deuteron-photodisintegration,library/deuteron-photodisintegration.md,failure_mode,failure,threshold,energy,Below 2.224 MeV this channel does not occur.,Under-threshold input is the collapse.,relabel,Eγ < Bd closes photodisintegration.,max,3.563e-13,J,Eγ < 2.224 MeV,high,,2026-08-17
deuteron-photodisintegration:hardware_scale:photon-plus-deuteron,deuteron-photodisintegration,library/deuteron-photodisintegration.md,hardware_scale,requirement,scale,node_count,One photon plus one deuteron. Yield scales with deuterium column.,"N=1 conversion. No metal film, no muon.",relabel,Hardware is γ + d.,eq,1.0,1,1 photon + 1 deuteron,high,,2026-08-17
dielectric-breakdown:clock_latency:avalanche,dielectric-breakdown,library/dielectric-breakdown.md,clock_latency,requirement,latency,time,"Avalanche growth, streamer crossing, and thermal runaway have nanosecond-to-microsecond (and longer, for thermal) clocks. DC, pulsed, and lightning-scale stresses therefore report different Ebd.","That is a latency dependence of the same field gate, not a family change.",envelope,The field cliff moves with stress duration because the avalanche clock is finite.,range,1e-07,s,ns–μs (longer thermal),medium,"value_si is a mid-class marker of the stated ns–μs window, not a measured period.",2026-08-17
dielectric-breakdown:consistency_gap:underived-ebd,dielectric-breakdown,library/dielectric-breakdown.md,consistency_gap,gap,threshold,e_field,"Unlike pair production or a work function, Ebd is not a single-node energy. It depends on path, time, defects, and heat. A closed buffer/barrier specification that predicts a polymer’s Ebd from node rules is not in hand.",QSA names a field-opened conversion class but cannot attach a first-principles Ebd. After the first spark the system is a different object and must not be treated as the original insulator with a new number.,open,The class is clear; a predictive node-rule Ebd is not. Mapping confidence is medium for that reason.,,,,Ebd envelope taken; not derived,medium,File-level mapping is Medium. Contrast with refraction-dielectric (reversible below-threshold polarization of the same insulator).,2026-08-17
dielectric-breakdown:emergent_output:insulating-state,dielectric-breakdown,library/dielectric-breakdown.md,emergent_output,output,output,e_field,"Below threshold: a stable insulating state (the useful operating output of the dielectric). Above threshold: a conducting channel, often irreversible in solids. There is no single material-universal Ebd analogous to 2me c².",The clean operating envelope is the reversible side of Ebd.,envelope,"The useful output is continued insulation below the field gate, not a stored universal Ebd.",approx,3000000.0,V/m,insulator for E < Ebd; no universal Ebd,medium,,2026-08-17
dielectric-breakdown:energy_barrier:field-gate,dielectric-breakdown,library/dielectric-breakdown.md,energy_barrier,requirement,threshold,e_field,"Dry air at STP, centimetre-scale roughly uniform gaps: breakdown field of order 3 MV m⁻¹ (30 kV cm⁻¹). This is an order-of-magnitude working number, not a universal constant. Common polymer films sit in a broad 10⁷–10⁸ V m⁻¹ class; thermal SiO2 in 10⁸–10⁹ V m⁻¹.","The operating gate is a field Ebd, not a single quantum hν or I. Microscopically the avalanche still spends ionization energy I; the macroscopic lock that failed is the applied field.",envelope,"Breakdown is a field-opened conversion. Ebd is a geometry-dependent envelope, not a first-principles constant.",approx,3000000.0,V/m,dry air ~3e6 V/m (order of magnitude),medium,"Electrode shape, humidity, pressure, gap, pulse length, area, and stress time all move Ebd. Holding E < Ebd costs only the leakage.",2026-08-17
dielectric-breakdown:failure_mode:destructive-track,dielectric-breakdown,library/dielectric-breakdown.md,failure_mode,failure,barrier,other,"Above Ebd the usual laboratory outcome in a solid is destructive (puncture, carbonization, melted channel). A second spark then follows a damaged path, not the original material. Gases can recover after the plasma extinguishes if electrodes and chemistry allow.",Over-threshold solids destroy the original machine along a track. The original Ebd is no longer a property of that path.,envelope,"The post-spark object is a plasma column or carbon track, not the original insulator with a new number.",,,,puncture / carbon track / melted channel,medium,Cross-cite ionization-threshold (the microscopic step) and photoconductivity (carriers without necessarily destroying the lattice).,2026-08-17
dielectric-breakdown:failure_mode:paschen-buffer,dielectric-breakdown,library/dielectric-breakdown.md,failure_mode,failure,scale,other,"Gases follow a Paschen relation Vbd = f(pd), with a minimum of a few hundred volts in air (commonly quoted near 300 V at a small pd). Very short gaps and very low pressures both raise the voltage needed, because an avalanche cannot develop.","pd off the Paschen window, or a path too short for multiplication, moves the field gate or refuses the spark.",envelope,Spatial/density under-provisioning of the avalanche buffer is a failure twin of the field cliff.,approx,300.0,V,Paschen minimum ~300 V in air; Vbd = f(pd),medium,"300 V is a commonly quoted air minimum, not a universal constant.",2026-08-17
dielectric-breakdown:failure_mode:under-threshold,dielectric-breakdown,library/dielectric-breakdown.md,failure_mode,failure,threshold,e_field,Below Ebd the part is still an insulator and the conversion has not occurred. Pre-breakdown leakage is not the spark. Remove the field and the insulator is still an insulator.,Under-threshold field is the non-occurrence of the conversion. That is the collapse of breakdown.,envelope,Below Ebd the dielectric continues to support the field; the spark does not occur.,max,3000000.0,V/m,"E < Ebd (~3e6 V/m dry air, order of magnitude)",medium,The existence of a field cliff is high; any one numerical Ebd is medium or lower.,2026-08-17
dielectric-breakdown:hardware_scale:avalanche-path,dielectric-breakdown,library/dielectric-breakdown.md,hardware_scale,requirement,scale,node_count,"A single ionization is not breakdown. The conversion that is this effect is a many-node avalanche: a path long enough, and a medium dense enough, that multiplication outruns loss. Paschen’s minimum is that buffer condition made visible.","A vacuum gap and a microgap fail to spark at the same voltage as a centimetre of air because the hardware for multiplication is under-provisioned, not because I of the molecule changed.",envelope,"Breakdown hardware is a many-node avalanche path, not a single-particle gate.",,,,avalanche path; Paschen pd buffer,medium,"Centimetre-scale uniform gaps are the geometry class for the dry-air ~3e6 V/m working number, not a universal length cliff. In a solid the corresponding buffer is a defect-rich path across the film.",2026-08-17
elasticity:clock_latency:acoustic-restore,elasticity,library/elasticity.md,clock_latency,requirement,latency,time,Reversible elastic response tracks the acoustic / Debye clocks of the grid: microscopic restoration is fast compared with ordinary mechanical tests. Plastic flow is slower and rate-dependent.,"The Hookean clock is the acoustic / Debye table. Plastic latency belongs to defect motion, not to the harmonic spring.",envelope,"Microscopic restoration is acoustic-fast; yield latency is a different, slower defect clock.",,,,acoustic / Debye restore; plastic slower,high,Cross-cite speed-of-sound and debye-cutoff. No invented period.,2026-08-17
elasticity:consistency_gap:mesoscale-yield,elasticity,library/elasticity.md,consistency_gap,gap,threshold,energy,The conventional ideal-strength estimate E/10 sits one to two orders of magnitude above real metallic yield. That gap is the mesoscale dislocation / microstructure step — the mechanical analogue of coercivity versus anisotropy field.,QSA does not yet have a clean buffer / barrier specification for dislocation nucleation and pinning. The Hookean output does not depend on closing it.,open,Yield / fracture is identified as a mesoscale envelope and is not reduced to a node-level barrier. Same unfinished step as magnet coercivity.,,,,real yield ≪ E/10; mesoscale,medium,Cross-cite ferromagnetic-hysteresis and permanent-magnet-latch (Hc ≪ Ha). File-level mapping is Medium.,2026-08-17
elasticity:emergent_output:moduli-class,elasticity,library/elasticity.md,emergent_output,output,output,energy,"Handbook class, room temperature: steels E ≈ 200 GPa; aluminum E ≈ 70 GPa; diamond E ∼ 10³ GPa. Shear and bulk moduli are the same class of measured stiffnesses. Water’s bulk modulus is the C that gives v_s ≈ 1480 m s⁻¹ at ρ ≈ 10³ kg m⁻³.","Handbook moduli {E, G, K} are the synchronized small-amplitude restoring output of the coupled nodes, together with a material- and history-dependent yield / fracture envelope.",envelope,The ion grid emits a GPa-class stiffness set. The same C is the slope v = √(C/ρ).,range,200000000000.0,Pa,steels E ≈ 200 GPa; Al ≈ 70 GPa; diamond ∼ 10³ GPa,high,value_si is the steel E pin as a representative of the class. Harmonic C is independent of strain and volume to first order; real C(T) needs thermal-expansion.,2026-08-17
elasticity:energy_barrier:hooke-well-not-latch,elasticity,library/elasticity.md,energy_barrier,requirement,barrier,energy,"Small-strain elasticity is a restoring well, not a latch: stored energy ½ C ε² is returned on unload. Yield is a threshold on that well’s useful range. In crystals the microscopic barrier being crossed is a dislocation Peierls / pinning barrier — measured as a yield stress, not yet specified here as a KV-style node number.","The Hookean machine stores and returns ½ C ε². It is not a directional memory. Yield is the well’s useful-range cliff, not a latch write.",envelope,"Elastic energy is returned on unload. Yield is a range threshold, not a remanence barrier.",,,,½ C ε² returned; yield ≠ KV,high,,2026-08-17
elasticity:failure_mode:g-collapse-melt,elasticity,library/elasticity.md,failure_mode,failure,threshold,other,"Static shear modulus G → 0 on melting. The liquid keeps a bulk modulus. No shear couplings (fluid, vacuum) → no static shear modulus.",The solid elastic machine dies with the grid. Compression can remain as a fluid K.,relabel,Melting (or any medium without shear couplings) removes static G. K can survive.,approx,0.0,Pa,G → 0 at T_m; fluid / vacuum: no static shear,high,Cross-cite melting and speed-of-sound. Amplitude large enough to leave the Hooke window is nonlinear elasticity until yield.,2026-08-17
elasticity:failure_mode:yield-fracture,elasticity,library/elasticity.md,failure_mode,failure,threshold,energy,"Mild steels yield at hundreds of MPa, far below E. Above a yield stress the solid flows plastically or fractures and does not recover. The conventional ideal-strength estimate E/10 sits one to two orders of magnitude above real metallic yield.","Load above yield or fracture toughness ends the linear emergent output. Real yield is a mesoscale cliff, not E/10.",envelope,Plastic set or fracture is the load-bearing failure of the Hookean machine. Real metallic yield is far below the ideal bond-breaking estimate.,approx,,Pa,mild steel yield: hundreds of MPa (≪ E; ≪ E/10),medium,"A particular alloy’s yield is processing-dependent. E/10 is a conventional estimate, not a measured cliff. resource is energy density (Pa = J/m³).",2026-08-17
elasticity:hardware_scale:ion-grid,elasticity,library/elasticity.md,hardware_scale,requirement,scale,node_count,"A mechanically coupled grid (or, for K only, a fluid density field). The linear modulus is already a bulk average of the same springs whose long-wave slope is v_s. There is no single nanometre cliff for E itself. The yield envelope requires a mesoscale population of dislocations, grain boundaries, or cracks.","Hookean E is a grid average. Yield is a different, defect-structure buffer on the same crystal.",envelope,Small-strain stiffness lives on the ion grid; plasticity lives on a mesoscale defect population.,,,,coupled grid for E; mesoscale defects for yield,medium,Elastomers are entropy-elastic and not this ion-grid machine.,2026-08-17
elasticity:hardware_scale:small-strain-window,elasticity,library/elasticity.md,hardware_scale,requirement,threshold,dimensionless,Hooke’s law holds only at small strain. In ordinary metals the reversible window is a strain of order 10⁻³ or less.,The linear restoring output is specified only inside that small-strain window.,envelope,Ordinary metals stay Hookean only to strains of order 10⁻³ or less.,max,0.001,1,strain ≲ 10⁻³ (ordinary metals),high,"Polymers and elastomers are a different, large-strain machine.",2026-08-17
electron-heat-capacity:clock_latency:e-ph-window,electron-heat-capacity,library/electron-heat-capacity.md,clock_latency,requirement,latency,time,No separate collective clock beyond the electronic and electron–phonon equilibration times of the host (typically picoseconds in ordinary metals). Calorimetry sits far above that window.,"The relevant energy scale is kT against E_F, or against a gap Δ when one is present.",envelope,Calorimetry reads an already-finished electronic average.,,,,e–ph ∼ ps (ordinary metals),medium,"Picosecond class is typical, not a universal clock. k is defined.",2026-08-17
electron-heat-capacity:consistency_gap:underived-gamma,electron-heat-capacity,library/electron-heat-capacity.md,consistency_gap,gap,capacity,node_count,γ = (π^2/3) D(E_F) k^2 (or ∝ Nk/T_F in free-electron form). The mapping does not compute γ from a node rule.,"QSA takes the measured γ (or D(E_F), or T_F) as the material specification.",open,γ is located as a material coefficient and is not derived from node count.,,,,"γ taken, not derived",medium,File-level mapping is Medium. k is defined.,2026-08-17
electron-heat-capacity:emergent_output:gamma-t,electron-heat-capacity,library/electron-heat-capacity.md,emergent_output,output,output,other,Low-temperature heat capacity of a normal metal is C = γT + A T^3. The linear piece is electronic. γ sits in a class of order 1 mJ mol^{-1} K^{-2} for simple metals (Cu ≈ 0.70; Al ≈ 1.35).,"A heat capacity linear in T, with a material coefficient γ, is the averaged energy uptake of the Fermi-surface slice.",relabel,"The stable output is C_e = γT. γ is taken from measurement, not derived here.",,,,C_e = γT,high,Heavy-fermion enhancements move γ by orders of magnitude without changing the form. Phonon T^3 is owned by debye-cutoff. Johnson–Nyquist shares a thermal electronic bath but not this Fermi-surface buffer.,2026-08-17
electron-heat-capacity:energy_barrier:open-fermi-surface,electron-heat-capacity,library/electron-heat-capacity.md,energy_barrier,requirement,threshold,energy,"The operating metallic envelope has no gap at E_F. Opening a superconducting gap, or sitting in a semiconductor/insulator gap, removes the contributing slice.",The operating condition is an ungapped Fermi surface. The gaps that kill γT are owned by other families; they appear here only as the threshold that removes the average.,envelope,"γT requires an open Fermi surface, not a latching barrier.",,,,no gap at E_F,medium,Cross-cite superconductivity and semiconductor-gap-absorption.,2026-08-17
electron-heat-capacity:failure_mode:no-fermi-surface,electron-heat-capacity,library/electron-heat-capacity.md,failure_mode,failure,threshold,energy,A filled-gap insulator or undoped semiconductor has no Fermi surface and no metallic γT at all.,Without a contributing slice at E_F there is no electronic linear term at any N or T.,envelope,"No Fermi surface, no γT. That is a missing population, not a cooled metal.",,,,no Fermi surface → no γT,high,Cross-cite semiconductor-gap-absorption.,2026-08-17
electron-heat-capacity:failure_mode:superconducting-gap,electron-heat-capacity,library/electron-heat-capacity.md,failure_mode,failure,threshold,energy,"Below a superconducting gap the linear term is killed and C_e falls much faster than linear (BCS envelope ∼exp(−Δ/kT)), plus a jump in C at T_c.","The contributing Fermi-surface slice has been removed, not merely cooled. This entry owns that the gap kills γT, not the gap itself.",envelope,A superconducting gap replaces the linear electronic heat capacity with an exponentially small remnant.,,,,gap Δ kills γT (T < T_c),high,"Cross-cite superconductivity. Incomplete gaps (nodes, pair-breaking) can leave a residual linear term; that detail is owned by the superconductivity entry.",2026-08-17
electron-heat-capacity:failure_mode:t-to-zero,electron-heat-capacity,library/electron-heat-capacity.md,failure_mode,failure,threshold,temperature,"As T→0 in the normal state, γT falls linearly through any fixed instrument floor. There is no sharp electronic cliff.","The average is still defined; the output is no longer a usable reading. The slice has shrunk, not gapped.",envelope,Cooling a normal metal sends γT into the calorimeter noise without a gap-closure event.,,,,T → 0 ⇒ γT into noise,high,"Lattice T^3 burying γT at higher T is a contrast-of-scale measurement problem, not a collapse of the electronic average.",2026-08-17
electron-heat-capacity:hardware_scale:fermi-slice,electron-heat-capacity,library/electron-heat-capacity.md,hardware_scale,requirement,capacity,node_count,"Only a slice of width ∼kT about E_F can take up energy. The participating fraction at laboratory T is T/T_F ≪ 1, with T_F ∼ 10^4–10^5 K in ordinary metals (Cu T_F ≈ 8.2e4 K). There is no universal N at which electronic heat capacity begins.","The hardware is the T-dependent Fermi-surface population of order (T/T_F)N, not a fixed node count. A metal with no Fermi surface has no such population at any N.",envelope,"Electronic heat capacity uses a shrinking statistical slice, not a single buffer size.",,,,∼(T/T_F)N; T_F ∼ 10^4–10^5 K,medium,T_F values are material parameters taken from measurement. Do not treat them as a derived node-rule cliff.,2026-08-17
exchange-bias:clock_latency:field-cool,exchange-bias,library/exchange-bias.md,clock_latency,requirement,latency,time,Setting the pin is a thermal write: the field-cool must pass through TB on a laboratory cooling clock. Subsequent FM writes are ordinary hysteresis clocks on an already-offset loop.,The pin is set slowly by cooling through the AFM blocking contour. AFM exchange rates underneath are fast compared with either the cool or the FM sweep.,open,Pin-setting latency is a laboratory field-cool through TB; no numerical cool time is specified.,,,,field-cool through T_B,medium,Training (first loops after field-cooling differ) is recorded as pin relaxation without a node-level clock.,2026-08-17
exchange-bias:consistency_gap:interface-jex,exchange-bias,library/exchange-bias.md,consistency_gap,gap,barrier,energy,"Fitted Jex is orders of magnitude below bulk exchange; roughness, uncompensated spins, and grain-level AFM domains are the named ingredients. TB often lies well below bulk TN.","QSA does not reduce the interface to a buffer/barrier number, and does not give a portable KV line for TB/TN.",open,Hex and TB/TN remain interface- and grain-level data without a closed specification.,,,,J_ex ≪ bulk exchange; T_B/T_N underived,medium,File-level mapping is Medium for this reason. Training is a pin relaxation without a node-level clock.,2026-08-17
exchange-bias:emergent_output:loop-shift,exchange-bias,library/exchange-bias.md,emergent_output,output,output,b_field,"The hysteresis loop is shifted along the field axis rather than centered at H = 0. The shift is Hex, opposite the cooling field in the usual convention.",Stable output is an offset −Hex of the FM loop and a remanent FM state whose zero-field point is no longer symmetric.,relabel,"The machine emits a unidirectional loop offset, not a centered remanence.",,,,loop centered at −H_ex,high,An increase of FM coercivity often accompanies the shift; the two numbers are not the same artifact.,2026-08-17
exchange-bias:emergent_output:zero-hold-power,exchange-bias,library/exchange-bias.md,emergent_output,output,power,energy,Holding the shifted remanent point costs zero continuous power. Energy is spent to field-cool (set the pin) and to traverse the shifted loop (write the FM).,"The offset remanent state is a latch: set once, held at zero watts below TB.",relabel,Holding the shifted remanence costs zero watts.,eq,0.0,W,0 W hold,high,,2026-08-17
exchange-bias:energy_barrier:unidirectional-pin,exchange-bias,library/exchange-bias.md,energy_barrier,requirement,barrier,b_field,"The FM loop is centered at −Hex. Switching thresholds sit near −Hex ± Hc, not at ±Hc. Hex is the field equivalent of the pin; Hc is still the half-width of the FM cycle.",The AFM cancelled latch leaves a unidirectional barrier on the FM at the interface. That offset holds at zero continuous power. The FM still has its own bidirectional anisotropy barrier.,envelope,"Exchange bias is a second, unidirectional latch stacked on the FM cycle, not a replacement for Hc.",,,,H_ex (loop offset); H_c still the half-width,high,"Meiklejohn–Bean Hex ≈ Jex/(μ0 Ms tFM); Jex is an effective interface energy density, not bulk AFM exchange.",2026-08-17
exchange-bias:failure_mode:blocking,exchange-bias,library/exchange-bias.md,failure_mode,failure,threshold,temperature,Hex → 0 as T → TB−. TB ≤ TN of the AFM. TB tracks AFM thickness and grain size and can lie well below the bulk Néel point.,Thermal unblocking of the pin removes the shift and leaves a centered FM loop. The FM may still be ordered (its Tc is a different cliff).,envelope,"The pin dies at TB, which is not a second name for TN.",min,,K,T > T_B ≤ T_N (pin),high,No numerical TB is given for a named stack.,2026-08-17
exchange-bias:failure_mode:fm-dilution,exchange-bias,library/exchange-bias.md,failure_mode,failure,scale,length,"Hex falls as the FM layer is made thicker, empirically close to 1/tFM. Too thin an AFM layer also kills the shift (the pin itself is under-provisioned).",FM-side buffer dilution and AFM-side under-provisioning are the two spatial failures of the nested latch.,envelope,Too thick an FM film dilutes Hex; too thin an AFM film unblocks the pin.,,,,H_ex ~ 1/t_FM; AFM too thin → no pin,high,Chemical / mechanical destruction of the interface is a third buffer failure.,2026-08-17
exchange-bias:hardware_scale:nested-latches,exchange-bias,library/exchange-bias.md,hardware_scale,requirement,scale,length,"Hex falls as the FM layer is made thicker, empirically close to 1/tFM over a working window. Too thin an AFM layer also kills the shift. There is no exchange-bias loop in a separated AFM and FM of the same materials.","Hardware is an AFM volume that stays blocked, an FM film thin enough that the interface pin is not diluted below a usable Hex, and a shared interface.",envelope,Two nested latches plus an interface; missing any of the three removes the shift.,,,,AFM pin + FM film + interface; Hex ~ 1/t_FM,high,No numerical working thickness is given in the file.,2026-08-17
faraday-rotation:clock_latency:optical-carrier,faraday-rotation,library/faraday-rotation.md,clock_latency,requirement,speed,frequency,"Ordinary laboratory V is quoted at 632–633 nm and 1064 nm. The circular-index split tracks a cyclotron / Zeeman-scale difference between the two circular indices. Cold-plasma Faraday (ω≫ωc, ωp) goes as 1/ω².",The carrier is optical or radio. Faraday is the off-resonant accumulator of the same polarization response as refraction-dielectric; near a strong electronic or cyclotron resonance the Verdet law is left.,envelope,"Clock is the carrier; the load-bearing resource is the VBL product, not a cycle-time cliff.",,,,optical / radio carrier; Verdet off-resonant,high,Cross-cite cyclotron-resonance: resonant absorption at ω=ωc. Do not file the two as one artifact.,2026-08-17
faraday-rotation:consistency_gap:underived-verdet,faraday-rotation,library/faraday-rotation.md,consistency_gap,gap,output,other,QSA takes V (or the 0.81 RM prefactor) as measured. It does not derive TGG’s 10² rad T^{-1} m^{-1} from node rules.,"The magneto-optical coupling is located as a measured path coefficient, not derived.",open,"V is taken. Combined with a detection-budget collapse (not a sharp cliff), that keeps the mapping Medium.",,,,"V taken, not derived",medium,"Paramagnetic V(T) touches curie-paramagnetism; the Faraday output is a path integral, not a susceptibility reading.",2026-08-17
faraday-rotation:emergent_output:verdet,faraday-rotation,library/faraday-rotation.md,emergent_output,output,output,other,"TGG: |V| of order 10² rad T^{-1} m^{-1} in the red (near −130 rad T^{-1} m^{-1} at 632–633 nm), falling to about 40 rad T^{-1} m^{-1} at 1064 nm. Diamagnetic fused silica / fibre: V≈3–4 rad T^{-1} m^{-1} near 633 nm.","A rotation angle linear in B and L, non-reciprocal, with a material- and frequency-specific V (or an RM in the plasma case).",relabel,"The synchronized magneto-optical population emits θ=VBL, not a latched moment.",,,,TGG ~10² rad T^{-1} m^{-1} (red); silica 3–4,high,"Per-tesla Verdet; value_si left null. Interstellar form θ=RM λ² with RM=0.81∫ n_e B_∥ dl sits next to plasma-frequency-cutoff in the same ωp, ωc language, far below cutoff.",2026-08-17
faraday-rotation:energy_barrier:no-latch,faraday-rotation,library/faraday-rotation.md,energy_barrier,requirement,threshold,b_field,θ = VBL in the linear regime. θ∝B through zero. Non-reciprocity: two passes through the same B double θ.,"No latch. B is a load-bearing resource, not a gate with a finite onset. Tag field-threshold marks that resource, not a step-function threshold.",relabel,"Faraday has a field resource, not an energy barrier that stores a written polarization.",,,,θ ∝ B through zero; no latch,high,"Tesla-scale B is the TGG laboratory class, not an onset.",2026-08-17
faraday-rotation:failure_mode:b-to-zero,faraday-rotation,library/faraday-rotation.md,failure_mode,failure,threshold,b_field,With B→0 the rotation is gone.,Field under-provisioning sends θ→0. There is no finite B cliff.,envelope,"B→0 is a product-budget fade, not a hard machine death.",,0.0,T,B → 0,high,,2026-08-17
faraday-rotation:failure_mode:vbl-budget,faraday-rotation,library/faraday-rotation.md,failure_mode,failure,scale,length,There is no universal L or B cliff. The rotation falls below a given polarimetric floor when the product VBL does. Absorption sets an independent upper bound on L.,"Path below the VBL detection budget → no measurable rotation. A slightly short path is a smaller angle, not a disappeared machine.",envelope,"Spatial failure is a detection budget, which is why the mapping is not High.",,,,VBL below the polarimetric floor,high,"Messy Verdet·B·L product, no cliff → value_si null. Opacity (path absorbing before θ is usable) is a second path failure.",2026-08-17
faraday-rotation:failure_mode:verdet-gone,faraday-rotation,library/faraday-rotation.md,failure_mode,failure,output,other,"V→0 in the wrong spectral window; or, for paramagnetic media, loss of the magnetic population with T.",Material / thermal under-provisioning of the magneto-optical population sends the product budget to zero at finite B and L.,envelope,A zero-V medium is a Faraday path with no accumulator.,,,,"V → 0 (wrong window, or paramagnetic T)",medium,Cross-cite curie-paramagnetism for the unlocked-moment ensemble that feeds paramagnetic V(T).,2026-08-17
faraday-rotation:hardware_scale:path-l,faraday-rotation,library/faraday-rotation.md,hardware_scale,requirement,scale,length,TGG at tesla-scale B accumulates a detectable θ in centimetres; silica needs a much longer fibre; the interstellar case uses parsecs of dilute plasma. There is no analogue of the 10–20 nm mirror threshold.,"The buffer is the path L through a magneto-optically active population (bound charges with a magnetic splitting, or a magnetized plasma), not a film thickness.",envelope,"Faraday hardware is a path budget, not a connected-metal floor.",approx,0.01,m,"centimetres (TGG, tesla-scale B)",medium,"value_si is the TGG centimetre class, not a cliff. Silica fibre is much longer; interstellar RM uses parsecs.",2026-08-17
ferroelectric-remanence:clock_latency:ionic-thz,ferroelectric-remanence,library/ferroelectric-remanence.md,clock_latency,requirement,speed,frequency,The polar displacement is ionic and sits on the lattice-mode clock (optical-phonon / THz class). Macroscopic switching of a ceramic or a multidomain crystal is set by nucleation and wall motion under applied E.,The latch carrier is the ionic/phonon clock; ceramic write latency is a slower wall-motion clock.,envelope,Polar switching does not finish on the phonon period in a real ceramic; the THz class is the local displacement clock.,,,,optical-phonon / THz class,medium,No numerical phonon frequency is given in the file.,2026-08-17
ferroelectric-remanence:consistency_gap:ec-depolarization,ferroelectric-remanence,library/ferroelectric-remanence.md,consistency_gap,gap,threshold,e_field,"Ec is microstructure- and thickness-dependent. The superparaelectric size line is not a portable KV/25kT constant: depolarization, screening, and electrodes are extra constraints.","QSA does not derive Ec from the Landau well, nor a laboratory-stability volume from node rules.",open,Write threshold and grain/depolarization buffer remain mesoscale data without a closed QSA specification.,,,,Ec mesoscale; no portable ferroelectric KV,medium,"File-level mapping is Medium for this reason. kV cm^{-1} class is taken, not derived.",2026-08-17
ferroelectric-remanence:emergent_output:remanent-p,ferroelectric-remanence,library/ferroelectric-remanence.md,emergent_output,output,output,charge,Room-temperature spontaneous polarization of single-crystal BaTiO3 along c is Ps ≈ 0.26 C/m². Ceramic remanence is lower; PZT-family Pr remains in the 10^{-1} C/m² class.,Stable output is remanent polarization and the associated bound charge / field at E = 0.,relabel,"The polar latch emits a material-typical remanent P, not a linear dielectric that returns to P = 0.",approx,0.26,C/m^2,Ps ≈ 0.26 C m^{-2} (BaTiO3); Pr ~ 10^{-1} C m^{-2} class,high,,2026-08-17
ferroelectric-remanence:emergent_output:zero-hold-power,ferroelectric-remanence,library/ferroelectric-remanence.md,emergent_output,output,power,energy,The sample remains electrically poled at zero continuous field and zero continuous power. Holding remanent P at E = 0 costs zero continuous power.,"Stable remanent polarization and bound charge / field at zero continuous power, inside the Tc / grain / electrode / lattice envelope.",relabel,Holding remanent polarity costs zero watts. Energy is the P–E loop area only.,eq,0.0,W,0 W hold,high,,2026-08-17
ferroelectric-remanence:energy_barrier:polar-well,ferroelectric-remanence,library/ferroelectric-remanence.md,energy_barrier,requirement,barrier,energy,"A polar double well, locked to a non-centrosymmetric lattice, holds ±Pr at E = 0. Holding remanent P at E = 0 costs zero continuous power. Energy per cycle is ∮E·dP.","The latch is the polar well. Energy is spent only on transitions. The write threshold is Ec, not the Landau barrier of a perfect crystal.",envelope,Remanent polarity is protected by a lattice-locked double well at zero hold-power; write cost is the P–E loop area.,,,,double well below Tc; write at Ec,high,"Ec of bulk BaTiO3 and PZT-family ceramics is kV cm^{-1} class; the class, not a grade-specific number, is the boundary.",2026-08-17
ferroelectric-remanence:failure_mode:curie,ferroelectric-remanence,library/ferroelectric-remanence.md,failure_mode,failure,threshold,temperature,BaTiO3 Tc ≈ 120 °C (393 K). Above Tc the room-temperature tetragonal polar phase is gone and remanent P collapses. End-member PbTiO3 Tc ≈ 490 °C.,"kT closing the polar well destroys the latch. Further BaTiO3 polar-phase changes (~5 °C, −90 °C) are structure changes of an already-latched state.",relabel,Thermal collapse of the polar latch at the ferroelectric Curie point.,min,393.0,K,T > Tc ≈ 393 K (BaTiO3),high,PZT family is composition-dependent; no single PZT Tc is claimed. value_si is the BaTiO3 handbook cliff.,2026-08-17
ferroelectric-remanence:failure_mode:superparaelectric,ferroelectric-remanence,library/ferroelectric-remanence.md,failure_mode,failure,scale,volume,"Small grains and ultrathin films lose stable remanence. Depolarization field of a uniformly polarized slab is of order P/ε, reduced by electrodes and free charge.","Spatial / electrostatic under-provisioning makes P volatile. This is the electrical analog of superparamagnetism, not a portable KV line.",envelope,Too-small or uncompensated polar volumes erase remanence without reaching Tc.,,,,superparaelectric / depolarization collapse,medium,"Dielectric breakdown at larger E is hardware failure of the insulator, not a clean rewrite.",2026-08-17
ferroelectric-remanence:hardware_scale:polar-volume,ferroelectric-remanence,library/ferroelectric-remanence.md,hardware_scale,requirement,scale,volume,Small grains and ultrathin films lose stable remanence (superparaelectric / depolarization collapse). A single laboratory-stability volume is not claimed; depolarization fields and electrodes enter.,Hardware is a polar lattice cell plus a correlated volume large enough that the polar well survives kT and the depolarization field. Ceramic remanence is synchronized output of a poled grain population.,open,One unit-cell dipole is not a macroscopic remanent capacitor; the grain/thickness buffer is real as a class and has no portable number here.,,,,process-dependent grain / thickness buffer,medium,Do not import KV ≳ 25 kT as a ferroelectric constant.,2026-08-17
ferromagnetic-hysteresis:clock_latency:larmor,ferromagnetic-hysteresis,library/ferromagnetic-hysteresis.md,clock_latency,requirement,speed,frequency,"Larmor / FMR scale: γ/2π ≈ 28.025 GHz/T. Practical loop traversal is set by the field sweep and by domain-wall motion (and, in metals, eddy currents), not by that carrier.","The latch has a 28 GHz/T precession clock; write/erase latency of a real loop is a slower, microstructure-limited wall-motion clock.",relabel,Holding remanence does not run the 28 GHz/T carrier as a power draw; writing the loop does not finish on that carrier either.,eq,28025000000.0,Hz/T,28.025 GHz/T,high,si_unit is Hz per tesla; value_si is the 1 T frequency.,2026-08-17
ferromagnetic-hysteresis:consistency_gap:mesoscale-hc,ferromagnetic-hysteresis,library/ferromagnetic-hysteresis.md,consistency_gap,gap,threshold,b_field,"Sintered NdFeB coercivity is typically tesla-class (often ~1 T in μ0 Hc), much less than μ0 Ha ≈ 7–8 T. Stoner–Wohlfarth coherent rotation predicts a switching field of order Ha.","QSA does not yet have a buffer/barrier specification that produces Hc from nucleation, grain boundaries, dipolar coupling, and wall pinning.",open,"Measured Hc is a mesoscale write threshold, not Ha. Soft-limit, Tc, and zero-hold-power clauses do not depend on closing it.",,,,Hc ≪ Ha; mesoscale,medium,"File-level mapping remains High. ~1 T is a class, not a grade-specific number.",2026-08-17
ferromagnetic-hysteresis:emergent_output:remanent-branch,ferromagnetic-hysteresis,library/ferromagnetic-hysteresis.md,emergent_output,output,output,other,"After a large field is removed, a remanent magnetization remains. Energy per unit volume per cycle equals the loop area ∮H·dB.",Stable output is remanence at H = 0 plus a finite write/erase energy equal to the loop area.,envelope,"The loop is the latch cycle: remanent state at zero field, dissipative cost only when the state is written.",,,,Mr at H = 0; w = ∮H·dB per cycle,high,,2026-08-17
ferromagnetic-hysteresis:emergent_output:zero-hold-power,ferromagnetic-hysteresis,library/ferromagnetic-hysteresis.md,emergent_output,output,power,energy,A sample sitting at rest on a remanent branch produces no continuous hysteresis heat. Holding a static remanent point costs zero continuous power.,Zero hold power plus finite loop-area write cost is the latch accounting.,relabel,Holding either remanent branch costs zero watts. Energy is the write/erase loop area only.,eq,0.0,W,0 W hold,high,,2026-08-17
ferromagnetic-hysteresis:energy_barrier:anisotropy,ferromagnetic-hysteresis,library/ferromagnetic-hysteresis.md,energy_barrier,requirement,barrier,energy,Uniaxial anisotropy density K1 ≈ 4.5 MJ/m³ for Nd2Fe14B; μ0 Ha ≈ 7–8 T. Energy per unit volume per cycle equals the loop area ∮H·dB. Holding a static remanent point costs zero continuous power.,The barrier that protects remanence is the same anisotropy barrier as the permanent-magnet latch. Energy is spent only to write and erase.,relabel,Hysteresis is the write/erase cycle of the anisotropy latch: zero hold-power plus finite loop-area cost.,approx,4500000.0,J/m^3,K1 ≈ 4.5 MJ/m³; w = ∮H·dB,high,"The operating write field is Hc, much smaller than Ha in almost all bulk magnets. That mesoscale step is the §4.6 gap.",2026-08-17
ferromagnetic-hysteresis:failure_mode:curie,ferromagnetic-hysteresis,library/ferromagnetic-hysteresis.md,failure_mode,failure,threshold,temperature,Iron Tc ≈ 1043 K; Nd2Fe14B Tc ≈ 585 K. Above Tc the ordered moment is gone and the loop disappears.,Thermal destruction of the ordered moment removes the loop. This is not the soft-limit or the volume cliff.,relabel,"No ordered moment above Tc, so no remanent branch and no hysteresis loop.",min,585.0,K,T > Tc (585 K Nd2Fe14B; 1043 K Fe),high,"value_si is the NdFeB handbook cliff used on the parent latch. KV ≲ 25 kT is the volume twin, filed as superparamagnetism.",2026-08-17
ferromagnetic-hysteresis:failure_mode:soft-limit,ferromagnetic-hysteresis,library/ferromagnetic-hysteresis.md,failure_mode,failure,threshold,other,Soft iron and silicon steel: coercivity typically < 10^2–10^3 A/m. Remanence exists but is not stable against ordinary self-demagnetizing fields.,"Barrier / pinning too small → Hc → 0, loop area → 0 → remanence does not survive removal of H. The metal may still be ferromagnetic.",envelope,"The soft-limit collapse is loss of the write barrier, not loss of ferromagnetic order.",max,,,Hc < 10^2–10^3 A m^{-1} (soft iron/steel),high,"Iron Tc ≈ 1043 K: still ferromagnetic, just not latched. Contrast sintered NdFeB tesla-class μ0 Hc ≪ Ha ~ 7–8 T.",2026-08-17
ferromagnetic-hysteresis:hardware_scale:remanent-grain,ferromagnetic-hysteresis,library/ferromagnetic-hysteresis.md,hardware_scale,requirement,scale,volume,"A remanent branch requires a grain with KV above the Néel–Arrhenius laboratory line, embedded in a lattice that supplies K. Soft matrices supply order (high Tc) without a usable write barrier.","Minimum hardware is a thermally stable anisotropy cell. The loop as a macroscopic object further requires a readable population — grain ensemble, domain pattern, or bulk body.",envelope,A single spin has no useful remanence against kT; the loop needs a latched grain plus a readable aligned population.,,,,grain with KV above the thermal line; no single loop N,high,"Volume cliff owned in detail by superparamagnetism. Soft/hard split is the barrier, not Tc.",2026-08-17
flux-quantization:clock_latency:no-vf-lock,flux-quantization,library/flux-quantization.md,clock_latency,requirement,latency,other,There is no voltage-frequency lock on a fully superconducting loop at rest (V=0 around the path). A SQUID reads the same integer against the Josephson clock of the interrupting junctions.,"The relevant latency is the screening response of the parent condensate (London / plasma scales on meissner), not a Josephson oscillation of the loop itself.",open,A quiet superconducting loop holds n at V=0; it does not run the 483.6 MHz/μV clock until a weak link is inserted.,eq,0.0,V,V = 0 around the path,high,Cross-cite josephson-effect for the SQUID readout clock.,2026-08-17
flux-quantization:consistency_gap:2e-increment,flux-quantization,library/flux-quantization.md,consistency_gap,gap,output,charge,The single-valuedness relation uses q=2e as the measured charge increment. Φ0 = h/2e is a defined SI combination taken from that increment.,"The 2e in h/2e is taken from the measured quantum, not derived from node rules. No pairing story is added to close it.",open,Same open charge increment as on josephson-effect; the integer condition itself is not in doubt.,,,,h/2e taken,medium,File-level mapping remains High. λ and ξ that set how small a hole or vortex core can be are owned by meissner and type-ii-critical-field.,2026-08-17
flux-quantization:emergent_output:phi0,flux-quantization,library/flux-quantization.md,emergent_output,output,output,other,Φ0 = h/2e = 2.0678e-15 Wb. A closed superconducting ring holds a trapped flux that is an integer multiple of this quantum. A SQUID is periodic in applied flux with the same Φ0.,"A trapped fluxoid equal to nΦ0, held at zero continuous power for as long as the loop, the gap, and the phase-slip barrier remain inside the envelope.",relabel,The machine's stable product is the integer fluxoid n h/2e.,eq,2.0678e-15,Wb,Φ0=h/2e,high,Combined with the AC Josephson lock this is the same constant in a different geometry. Chargeless analog is h/m4 on superfluid-helium-4.,2026-08-17
flux-quantization:energy_barrier:phase-slip,flux-quantization,library/flux-quantization.md,energy_barrier,requirement,barrier,energy,"Phase-slip at a weak spot on an otherwise superconducting loop lets the fluxoid change by Φ0. That is a discrete write of the stored integer, not a shift of Φ0 itself. The trapped value does not decay on laboratory timescales while the ring remains superconducting.","Changing the stored integer by one requires a phase slip: a local collapse of the gap on the loop, or a vortex crossing the wall. That barrier keeps n fixed and vanishes if any section is driven normal, or if T → Tc.",envelope,The stored integer is a latch: a phase-slip barrier protects n at zero continuous power.,,,,phase-slip / vortex-crossing barrier,high,"Contrast with bose-einstein-condensate, which is not held at zero continuous power.",2026-08-17
flux-quantization:failure_mode:above-tc,flux-quantization,library/flux-quantization.md,failure_mode,failure,threshold,temperature,Warming the loop through Tc releases the constraint and the integer condition disappears.,Thermal collapse of the parent condensate erases the fluxoid latch.,relabel,The trapped integer dies with the superconducting path at Tc.,min,,,T > Tc,high,Material Tc values live on superconductivity. A weak spot or a current near the loop Ic lets n step without shifting Φ0.,2026-08-17
flux-quantization:failure_mode:open-loop,flux-quantization,library/flux-quantization.md,failure_mode,failure,scale,other,"Opening the ring, driving a section normal, or a lead / normal gap on the circumference releases the constraint and the integer condition disappears.","Topology failure: if the path is not closed, the fluxoid is not conserved and there is no trapped integer.",envelope,A broken loop cannot hold nΦ0.,,,,break / normal gap / open path,high,Electrode-scale H > Hc or Hc2 destroys the path itself.,2026-08-17
flux-quantization:hardware_scale:closed-loop,flux-quantization,library/flux-quantization.md,hardware_scale,requirement,scale,other,"The loop must be a closed superconducting path. A break, a normal section, or T > Tc anywhere on the circumference removes quantization of the trapped flux.",A closed superconducting path is the hardware. The hole (or vortex core) is the region the condensate does not fill; the load-bearing buffer is the surrounding closed path.,envelope,Flux quantization requires a closed condensate path; an open ring is not this machine.,,,,closed superconducting path,high,The path must sit inside the superconductivity envelope. A vortex as the hole is owned by type-ii-critical-field.,2026-08-17
flux-quantization:hardware_scale:thick-wall,flux-quantization,library/flux-quantization.md,hardware_scale,requirement,scale,length,In a thick ring (wall thickness large compared with the London depth λ) the trapped flux itself is nΦ0. In a thin-walled cylinder the conserved quantity is the fluxoid; Little–Parks still has period Φ0.,"For the trapped flux (not merely the fluxoid) to sit at nΦ0, the wall must be thick enough that screening currents live in a surface layer of depth λ and the interior supercurrent vanishes.",envelope,Wall thickness versus λ selects flux integers versus fluxoid integers; both are the same constraint in two buffer regimes.,min,,,wall ≳ λ for Φ = nΦ0,high,"λ is owned by meissner and is taken here as the wall buffer, not re-derived. Analogous to electromagnetic penetration versus morphological continuity on reflection.",2026-08-17
ideal-gas-pressure:clock_latency:collision-window,ideal-gas-pressure,library/ideal-gas-pressure.md,clock_latency,requirement,latency,time,Collision time τ ∼ λ/v̄ is of order 10^{-10} s in standard-density air and much longer once the gas is rarefied. Ordinary mechanical gauges sit far above this clock.,"A gauge that resolves individual hits, or a drive faster than local equilibration, sees a shot sequence rather than P.",envelope,Wall pressure is an average over the impact / collision window.,,,,τ ∼ 10^{-10} s (standard air); longer when rarefied,medium,"10^{-10} s is a standard-air order of magnitude, not a universal clock.",2026-08-17
ideal-gas-pressure:consistency_gap:underived-k-and-d,ideal-gas-pressure,library/ideal-gas-pressure.md,consistency_gap,gap,scale,length,"QSA does not derive k or the hard-sphere molecular diameter from node rules. The Knudsen buffer is relative (λ/L), not a fixed nanometre stack.",Both k and molecular size are taken from the descriptive relations and from sizes measured elsewhere.,open,"The relative path buffer is located; k and d are not derived. That is a gap, not a contradiction.",,,,k and d taken; no universal L,medium,File-level mapping is Medium.,2026-08-17
ideal-gas-pressure:emergent_output:p-nkt,ideal-gas-pressure,library/ideal-gas-pressure.md,emergent_output,output,output,other,"A dilute gas in a closed vessel exerts a steady, uniform wall load P = nkT (or PV = NkT).","The stable output is the averaged wall load P = nkT and, when Kn is small, a continuum hydrodynamic field built from that average.",relabel,Ideal-gas pressure is the averaged momentum transfer of a thermal population onto a wall.,,,,P = nkT,high,k is defined. Do not extract k as a machine constant. Ideal-gas P and continuum hydro are not the same artifact; this entry owns the wall load and the Kn failure.,2026-08-17
ideal-gas-pressure:energy_barrier:no-latch,ideal-gas-pressure,library/ideal-gas-pressure.md,energy_barrier,requirement,barrier,energy,"None holding a latched state. Operating resources are density, an equilibration window, and an apparatus larger than λ.","Pressure is averaged momentum flux, not a stored configuration.",envelope,Ideal-gas pressure has no energy barrier that stores a state.,,,,"no latch; n, window, L ≳ λ",medium,Ionization removes the neutral population this envelope assumes. Cross-cite ionization-threshold.,2026-08-17
ideal-gas-pressure:failure_mode:count-scatter,ideal-gas-pressure,library/ideal-gas-pressure.md,failure_mode,failure,capacity,node_count,N too small in the sampled volume or window → the manometer reading jitters and P = nkT is not a stable output.,"Same 1/√N count buffer as the temperature entry, now on the wall-load average.",envelope,"Too few independent impacts and the pressure reading is scatter, not P = nkT.",,,,scatter ∼ N^{-1/2},medium,"Cross-cite thermal-equilibrium-temperature. Virial / liquid corrections at high density are a different envelope, not this Knudsen or count failure.",2026-08-17
ideal-gas-pressure:failure_mode:knudsen,ideal-gas-pressure,library/ideal-gas-pressure.md,failure_mode,failure,scale,dimensionless,"When Kn ≳ 1, continuum hydro and a local P field collapse; the wall load is a ballistic rain. Conventional bands put slip near Kn ∼ 10^{-2}–10^{-1} and free-molecular flow for Kn ≳ 1.","L has dropped through λ, or n has been lowered until λ exceeds L. A free-molecular beam can still deliver a time-averaged force; it does not support sound as a local mode.",envelope,The continuum reading dies when the apparatus is no longer large compared with the mean free path.,min,,,Kn ≳ 1,high,The exact Kn at which a given gauge is declared invalid is a convention; the existence of the λ/L ∼ 1 collapse is not. Speed of sound owns the continuum mode that requires Kn ≪ 1.,2026-08-17
ideal-gas-pressure:hardware_scale:count-buffer,ideal-gas-pressure,library/ideal-gas-pressure.md,hardware_scale,requirement,capacity,node_count,Relative fluctuation of the count in a sub-volume scales as N^{-1/2}. A cubic micrometre of standard-density air still holds ∼10^7 molecules. There is no single universal N at which pressure begins.,P as a stable reading requires enough independent impacts in the gauge window that the mean is not scatter-dominated.,envelope,The count buffer is statistical and gradual in 1/√N. It is not the Knudsen cliff.,,,,count scatter ∼ N^{-1/2}; no universal N,medium,A cube of side ∼λ still holds of order 10^3–10^4. Count scatter and Kn ≳ 1 are not the same cliff.,2026-08-17
ideal-gas-pressure:hardware_scale:knudsen-path,ideal-gas-pressure,library/ideal-gas-pressure.md,hardware_scale,requirement,scale,length,Continuum hydrodynamics fails when Kn = λ/L is no longer small. The load-bearing cliff is Kn ≳ 1. λ is of order 65 nm in standard air and scales as 1/n.,Continuum P(r) requires L ≳ λ. That length tracks density; it is tens of nanometres in standard air and centimetres to metres in a rough vacuum. It is not a material constant.,envelope,"The spatial buffer is relative (λ/L), not a fixed nanometre stack.",,,,L ≳ λ (Kn ≲ 1); λ tracks 1/n,medium,Slip around Kn ∼ 10^{-2}–10^{-1} is an engineering convention. Do not rewrite λ ∼ 65 nm as a universal hardware stack.,2026-08-17
ionization-threshold:clock_latency:opening,ionization-threshold,library/ionization-threshold.md,clock_latency,requirement,latency,time,"Optical / UV photoionization tracks the electromagnetic cycle of the ionizing photon. Electron-impact ionization is set by the collision duration. Neither is a laboratory-scale latency. Recombination times in a dilute gas can be long; that is the closing clock of the ionized state, not the opening of I.","Opening latency is not a laboratory clock. Recombination is decay of the output, not the gate.",envelope,"The conversion, when allowed, is already complete on any laboratory clock.",,,,optical/collision opening; recombination is closing,high,No numerical opening time is given; do not invent a cycle period from the Lyman limit.,2026-08-17
ionization-threshold:consistency_gap:underived-i,ionization-threshold,library/ionization-threshold.md,consistency_gap,gap,threshold,energy,QSA takes I from the handbook. For hydrogen the Rydberg formula already is the closed description of the ladder; for many-electron atoms the number is measured.,"Many-electron I is taken, not derived from a more primitive node rule. The collapse E < I does not depend on that derivation.",open,Hydrogen’s ladder is closed by the Rydberg formula; other species’ I is a measured specification.,,,,I taken (many-electron); H Rydberg closed,medium,File-level mapping remains High. Molecular appearance potentials can sit above the adiabatic I when the Franck–Condon factor at threshold is small.,2026-08-17
ionization-threshold:emergent_output:series-limit,ionization-threshold,library/ionization-threshold.md,emergent_output,output,output,energy,The Rydberg series of the species converges to I; the photoionization continuum opens at that limit. For H the Lyman limit is ≈ 91.2 nm.,"A species-specific series limit and a free-charge yield that turns on at I, plus whatever plasma or chemical sequels the freed charges support.",relabel,The machine’s stable product is the ionization limit plus the above-threshold free-charge yield. Remove the drive and the charges return.,eq,2.179e-18,J,I (H 13.598 eV; Lyman 91.2 nm),high,The ionized population is not a latched state.,2026-08-17
ionization-threshold:energy_barrier:ionization-energy,ionization-threshold,library/ionization-threshold.md,energy_barrier,requirement,threshold,energy,Atomic first ionization: H I = 13.598 eV; He I = 24.587 eV. H2 I ≈ 15.43 eV. The Lyman limit is hc/I ≈ 91.2 nm.,"I is the load-bearing gate. Photons, projectiles, or a thermal tail are interchangeable opening resources for that one barrier.",relabel,Ionization is the cleanest single-node photoelectric-class energy gate. Not a latch; the electron leaves.,eq,2.179e-18,J,H I = 13.598 eV,high,value_si is hydrogen. He 24.587 eV and H2 15.43 eV sit in the same tens-of-eV class. Pair production is rest-mass creation and must not be folded into I.,2026-08-17
ionization-threshold:failure_mode:missing-species,ionization-threshold,library/ionization-threshold.md,failure_mode,failure,scale,node_count,"If the atom is already stripped of that electron, that particular gate is gone; a deeper gate may remain.","Missing hardware closes that named ionization step. Multi-electron atoms are a ladder of gates, not one reusable cliff.",envelope,An already-empty valence slot cannot open I of that charge state.,,,,electron already stripped; deeper I may remain,high,Inner-shell rungs are filed as x-ray-absorption-edge.,2026-08-17
ionization-threshold:failure_mode:under-threshold,ionization-threshold,library/ionization-threshold.md,failure_mode,failure,threshold,energy,"Below I this conversion does not occur. A cold atomic hydrogen cell does not conduct. At room temperature kT ≈ 0.026 eV, so I/kT ~ 500 for hydrogen: the thermal tail does not ionize a cold gas.","Under-threshold input (hν, projectile KE, or the relevant scale of kT) is the non-occurrence of the conversion. That is the collapse of the effect.",relabel,Below I the gas stays neutral in this channel.,max,2.179e-18,J,E < I,high,"Residual conductivity of a real gas is then impurities, cosmic-ray seeds, or other channels — not opening I.",2026-08-17
ionization-threshold:hardware_scale:single-atom,ionization-threshold,library/ionization-threshold.md,hardware_scale,requirement,scale,node_count,One atom or molecule is the hardware for one conversion. There is no collective buffer that must be filled before a single ionization can happen.,"A macroscopic ionized gas is the summed output of a large population. Density enters later as recombination, screening, and avalanches — sequels, not the gate.",relabel,Negative spatial-buffer spec: the gate is single-particle.,eq,1.0,1,N = 1 atom or molecule,high,Dielectric-breakdown owns the many-body field avalanche that uses this gate as a step.,2026-08-17
johnson-nyquist-noise:clock_latency:bandwidth-and-thermal,johnson-nyquist-noise,library/johnson-nyquist-noise.md,clock_latency,requirement,speed,frequency,"Two clocks: observation bandwidth Δf, and the thermal electromagnetic / electronic clock kT/h (≈ 6.25 THz at 300 K; tens of gigahertz at a few kelvin). The classical envelope fails when hf is no longer small compared with kT.",Narrowing Δf is a longer average and kills the integrated variance. Drive or observation above kT/h leaves the classical Nyquist formula for the high-frequency envelope.,envelope,Classical 4kTR is an averaging-window statement below kT/h.,,,,Δf; kT/h (≈ 6.25 THz at 300 K),medium,"h and k are defined. 6.25 THz is arithmetic, not an extracted machine clock. Ordinary audio and RF sit far below kT/h at 300 K; cryogenic microwave work does not.",2026-08-17
johnson-nyquist-noise:consistency_gap:no-volume-zero-point,johnson-nyquist-noise,library/johnson-nyquist-noise.md,consistency_gap,gap,scale,volume,"The mapping does not supply a resistor-volume cliff, and the data do not demand one. The high-frequency form is kept as an envelope; whether an hf/2 term is an available voltage on a given bench is not settled by this entry.","Zero-point arguments about what a voltmeter can extract at T=0 are omitted. That is a recorded gap in interpretation, not a gap in the T→0 / Δf→0 collapse class.",open,"No volume cliff is extracted, and zero-point voltage is not filed as a QSA output.",,,,no volume cliff; zero-point omitted,medium,File-level mapping is Medium.,2026-08-17
johnson-nyquist-noise:emergent_output:4ktr-deltaf,johnson-nyquist-noise,library/johnson-nyquist-noise.md,emergent_output,output,output,other,Classical Nyquist envelope ⟨V^2⟩ = 4kTRΔf. At 300 K a 1 kΩ resistor delivers ≈ 4.07 nV Hz^{-1/2}; a 50 Ω resistor delivers ≈ 0.91 nV Hz^{-1/2}.,"A white voltage floor 4kTR is the electrical average of the thermal population, with a definite integrated variance once Δf is stated.",relabel,The stable output is the Nyquist floor. It is the electrical fluctuation–dissipation twin of D = kT/γ.,,,,⟨V^2⟩ = 4kTRΔf,high,"k is defined. The nV Hz^{-1/2} figures are arithmetic at 300 K, not extracted machine constants. Cross-cite brownian-motion.",2026-08-17
johnson-nyquist-noise:energy_barrier:no-latch,johnson-nyquist-noise,library/johnson-nyquist-noise.md,energy_barrier,requirement,barrier,energy,None holding a latched state. Sending the resistor into the superconducting state (R→0) removes the voltage noise by removing R.,"Noise is the electrical average of a dissipative element, not a stored configuration.",envelope,Johnson–Nyquist has no energy barrier that stores a state.,,,,no latch; R and T,medium,Cross-cite superconductivity for the R→0 realization.,2026-08-17
johnson-nyquist-noise:failure_mode:deltaf-to-zero,johnson-nyquist-noise,library/johnson-nyquist-noise.md,failure_mode,failure,speed,frequency,Δf→0 → integrated variance → 0. A measurement taken in a vanishing bandwidth is quiet. The spectral density may still be 4kTR; the reading of a zero-width filter is not a noise power.,Lengthen the average until the variance is gone. That is the family clock failure run on the filter.,envelope,Vanishing bandwidth collapses the integrated Nyquist variance.,,,,Δf → 0 ⇒ integrated variance → 0,high,,2026-08-17
johnson-nyquist-noise:failure_mode:r-to-zero,johnson-nyquist-noise,library/johnson-nyquist-noise.md,failure_mode,failure,threshold,other,R→0 → voltage noise → 0 (a short). A superconductor below T_c is the clean material realization of that limit. R→∞ (open) collapses current noise instead.,Remove the dissipative resource and the voltage floor collapses.,envelope,"A short, including a superconductor, has no Johnson voltage noise.",,,,R → 0 ⇒ ⟨V^2⟩ → 0,high,Cross-cite superconductivity. Skin effect retunes the R(f) that Nyquist consumes; it does not replace Nyquist.,2026-08-17
johnson-nyquist-noise:failure_mode:t-to-zero,johnson-nyquist-noise,library/johnson-nyquist-noise.md,failure_mode,failure,threshold,temperature,T→0 → ⟨V^2⟩→0 in the Nyquist formula. Cooling the resistor toward T=0 kills the classical noise.,Shrink the thermal resource and the electrical average vanishes.,envelope,Classical Johnson noise collapses as T→0.,,,,T → 0 ⇒ ⟨V^2⟩ → 0,high,Shares this collapse with brownian-motion (D = kT/γ). Zero-point bookkeeping at T=0 is omitted; see the consistency-gap row.,2026-08-17
johnson-nyquist-noise:hardware_scale:no-volume-cliff,johnson-nyquist-noise,library/johnson-nyquist-noise.md,hardware_scale,requirement,capacity,node_count,"There is no universal resistor volume at which 4kTRΔf starts working. A lithographed nanometre-scale resistor still presents the Nyquist floor once it has a well-defined R and a bath T. Extra noise in small devices is shot, telegraph, or two-level-system, not a missing thermal floor.","The hardware is a dissipative element with stable R, coupled to a thermal population with stable T, averaged over the chosen Δf. Inventing a minimum N of carriers would be a conjecture.",open,Johnson–Nyquist names a statistical average and does not attach a resistor-volume cliff.,,,,no universal N or volume,medium,"1/f and TLS noise sit on top of the Nyquist floor; they are a different output, not the collapse of this effect.",2026-08-17
josephson-effect:clock_latency:ac-lock,josephson-effect,library/josephson-effect.md,clock_latency,requirement,speed,frequency,"Voltage-frequency lock ν = (2e/h) V ≈ 483.6 MHz/μV. Equivalently V = (h/2e) ν = Φ0 ν, with Φ0 = h/2e = 2.0678e-15 Wb.","The AC Josephson lock is the clock: a microvolt bias oscillates at hundreds of megahertz; a millivolt bias sits in the sub-terahertz. This is a frequency locked to a voltage, not a plasma-period screening cycle.",relabel,The weak-link clock is 483.6 MHz per microvolt of DC bias.,eq,483600000000000.0,Hz/V,483.6 MHz/μV,high,value_si is Hz per volt. Shapiro steps are the same clock read out against an external microwave drive.,2026-08-17
josephson-effect:consistency_gap:2e-increment,josephson-effect,library/josephson-effect.md,consistency_gap,gap,output,charge,The measured charge increment in h/2e is taken from the voltage-frequency lock and from the flux quantum.,"QSA does not derive why the increment is 2e rather than e from node rules alone. That increment is recorded as data. No pairing story is required to locate the collapses, and none is added.",open,"The 2e in h/2e is located as a measured increment, not derived from node rules.",,,,h/2e taken,medium,"File-level mapping remains High; the open item is the origin of the increment, not the location of the collapses. RSJ C and R are descriptive bookkeeping.",2026-08-17
josephson-effect:emergent_output:vf-lock,josephson-effect,library/josephson-effect.md,emergent_output,output,output,frequency,The junction oscillates at ν = (2e/h) V. An applied microwave tone produces constant-voltage Shapiro steps at Vn = n h f / 2e. The ratio is used as a voltage standard.,"The synchronized output is a universal voltage-frequency lock V = (h/2e) ν once a voltage is present, together with a dissipationless weak-link current at V=0 for |I| ≤ Ic.",relabel,"The Josephson machine emits a metrological V–ν lock at 2e/h, and a zero-voltage supercurrent below Ic.",eq,483600000000000.0,Hz/V,V = (h/2e) ν,high,Complementary metrological lock to quantum-hall-effect (RK = h/e²).,2026-08-17
josephson-effect:energy_barrier:ic-threshold,josephson-effect,library/josephson-effect.md,energy_barrier,requirement,threshold,current,"Ic is set by the junction (area, barrier transparency, electrode gap) and is not a universal constant. A DC supercurrent exists only for |I| ≤ Ic.",Ic is the current threshold that protects the zero-voltage branch. The electrode gap is the energy scale that vanishes at Tc and takes Ic with it.,envelope,"The zero-voltage branch is gated by a junction-specific Ic, not by a universal current.",,,,Ic (junction-specific),high,A flux of order Φ0 through the junction is a field threshold that suppresses Ic without first destroying the electrodes.,2026-08-17
josephson-effect:failure_mode:above-ic,josephson-effect,library/josephson-effect.md,failure_mode,failure,threshold,current,Above Ic a finite DC voltage appears across the link. For |I| > Ic the junction is on a resistive branch and V ≠ 0.,Current over-budget ends the zero-voltage branch. The voltage-frequency lock can then run; the dissipationless DC current is gone.,relabel,Crossing Ic collapses the V=0 supercurrent.,min,,,I > Ic,high,T > Tc in either electrode is a coarser collapse: the parent condensate is gone. Electrode Hc / Hc2 is owned by superconductivity / type-ii-critical-field.,2026-08-17
josephson-effect:failure_mode:flux-phi0,josephson-effect,library/josephson-effect.md,failure_mode,failure,threshold,other,Magnetic flux through the junction area of order Φ0 modulates Ic (Fraunhofer diffraction in a uniform rectangular junction). Φ0 = h/2e = 2.0678e-15 Wb.,A flux of order Φ0 is a field threshold that suppresses Ic without first destroying the electrodes.,relabel,"Junction-scale flux of one quantum collapses Ic by interference, not by driving the electrodes normal.",approx,2.0678e-15,Wb,Φ0=h/2e,high,"Same Φ0 as flux-quantization; that is a consistency check, not two constants. Electrode-scale Hc2 is a different, coarser collapse.",2026-08-17
josephson-effect:failure_mode:thick-barrier,josephson-effect,library/josephson-effect.md,failure_mode,failure,scale,length,Thickening the barrier sends Ic to zero. A thicker continuous insulator leaves two separate superconductors.,Spatial over-provisioning of the insulator starves the coupling resource and the weak-link current disappears.,envelope,A too-thick (or too-opaque) barrier is the spatial collapse of the Josephson machine.,min,3e-09,m,barrier thicker than a few nm,high,Same few-nanometre window as the hardware-scale row; this row is the starved-coupling failure.,2026-08-17
josephson-effect:hardware_scale:sis-window,josephson-effect,library/josephson-effect.md,hardware_scale,requirement,scale,length,SIS oxide barriers that still carry a usable weak-link current are a few nanometres thick. A thicker continuous insulator drives Ic → 0; the electrodes then behave as two separate superconductors.,"Two nested buffers: each electrode must be a superconducting condensate, and they must be coupled by a weak link whose thickness sits in a narrow window. The load-bearing node of this artifact is the phase difference φ across that under-coupled spatial buffer.",envelope,The Josephson machine is a few-nanometre weak link between two parent condensates; thicker coupling is starved and Ic vanishes.,approx,3e-09,m,few nm SIS,high,"value_si is the order of a few nanometres. Absent barrier, the two sides are one superconductor with no junction degree of freedom. Electrode Tc / ξ / gap are owned by superconductivity.",2026-08-17
magnetic-domains:clock_latency:larmor,magnetic-domains,library/magnetic-domains.md,clock_latency,requirement,speed,frequency,"Moments inside a wall still precess at the ≈ 28 GHz/T carrier. Pattern changes are wall-motion events whose speed is set by damping, eddy currents, and pinning, and is far below that carrier.","A static pattern has no ongoing clock cost. Write latency of a domain pattern is wall motion, not the precession carrier.",relabel,Domain walls inherit the 28 GHz/T spin clock; the partition itself moves on a much slower pinning-limited clock.,approx,28000000000.0,Hz/T,≈ 28 GHz/T,high,"File quotes ≈ 28 GHz T^{-1}, not the 28.025 figure of the parent latch.",2026-08-17
magnetic-domains:consistency_gap:pattern-pinning,magnetic-domains,library/magnetic-domains.md,consistency_gap,gap,threshold,b_field,"Why one sample shows closure domains, another stripes, another a maze is a magnetostatic-plus-pinning problem. Continuum A and K are taken as measured inputs to δw and γw. Wall pinning sets technical Hc.","QSA does not produce A and K from a more primitive buffer, and does not select the imaged pattern from node rules. The same mesoscale Hc gap reappears as pinning.",open,Pattern choice and the pinning that sets technical Hc remain mesoscale data; the wall-width and single-domain cliffs do not depend on closing them.,,,,pattern taken; pinning → H_c underived,medium,File-level mapping is Medium for this reason.,2026-08-17
magnetic-domains:emergent_output:static-partition,magnetic-domains,library/magnetic-domains.md,emergent_output,output,output,dimensionless,In zero applied field the net moment can be far below saturation even though each domain is locally ordered. Net moment ranges from ≈ 0 (closed pattern) to saturation (walls expelled).,"Stable output is a static partition of the aligned population, with measured wall width ~√(A/K) and a net moment set by how closed the pattern is.",envelope,"Domains emit a held partition, not a requirement of a large net dipole.",range,,1,net m from ≈ 0 (closed) to saturation,high,"Wall positions are imaged (Bitter, Kerr, MFM) and are static at rest.",2026-08-17
magnetic-domains:emergent_output:zero-hold-power,magnetic-domains,library/magnetic-domains.md,emergent_output,output,power,energy,A static domain pattern at rest produces no continuous hysteresis heat. Wall positions are static at rest: no continuous power is required to hold a given partition.,Hold-power of a static partition is zero. Wall motion around a hysteresis loop dissipates the loop area.,relabel,Holding a domain pattern costs zero watts. Energy is spent only when walls move.,eq,0.0,W,0 W hold,high,,2026-08-17
magnetic-domains:energy_barrier:wall-energy,magnetic-domains,library/magnetic-domains.md,energy_barrier,requirement,barrier,energy,"Wall energy per unit area scales as √(AK) (Bloch form γw ≈ 4√(AK)). Soft, low-K magnets have cheap, wide walls; hard magnets have expensive, narrow walls. Holding a static partition costs zero continuous power.",Each domain is the parent anisotropy latch. The wall is a distributed transition whose area cost is the price of a partition. Pinning at grains and defects is the mesoscale barrier that shows up as Hc.,envelope,Partition cost is wall area times √(AK); static patterns have no hold-power bill.,,,,γ_w ~ √(AK); zero hold-power at rest,high,No numerical γw is computed in the file.,2026-08-17
magnetic-domains:failure_mode:saturation,magnetic-domains,library/magnetic-domains.md,failure_mode,failure,threshold,b_field,A large enough applied field drives walls out. The technical saturation field is microstructure-dependent and is not Ha. At saturation the walls are gone and the body is one domain.,Applied H expels walls → the partition is gone. The local latch is still present.,envelope,"Saturation is destruction of the domain pattern, not of the local directional latch.",,,,H large enough to expel walls (≠ H_a),high,"T > Tc removes local order and therefore domains; grain-scale KV collapse is superparamagnetism, below the domain problem.",2026-08-17
magnetic-domains:failure_mode:single-domain,magnetic-domains,library/magnetic-domains.md,failure_mode,failure,scale,length,Single-domain critical size scales as √(AK)/(μ0 Ms²) (Kittel / Brown class). In soft 3d metals that length is tens of nanometres; in high-K magnets it is larger.,"Below the wall-vs-magnetostatic cliff the pattern never forms; the particle is one latch cell, not a partition.",envelope,The domain pattern dies at a material-dependent single-domain size; there is no universal millimetre-scale domain period.,max,1e-08,m,tens of nm (soft 3d); larger in high-K,medium,Prefactors depend on assumed shape and wall type; the existence of a size cliff is the measured fact. A numerical critical diameter for a named particle is medium.,2026-08-17
magnetic-domains:hardware_scale:wall-width,magnetic-domains,library/magnetic-domains.md,hardware_scale,requirement,scale,length,"Wall width scales as √(A/K) (Bloch form δw ≈ π√(A/K)). A is of order 10^{-11} J/m in Fe, Co, Ni. Fe-like cubic K1 (~10^4 J/m³) gives tens of nanometres; NdFeB-like K1 ≈ 4.5 MJ/m³ gives a few nanometres.","The wall is a measured spatial buffer, not a mathematical point. Narrower than that and the two domains have merged.",envelope,A resolved domain wall is a transition strip of nanometre-to-tens-of-nanometres width set by √(A/K).,range,1e-08,m,few nm (NdFeB) to tens of nm (soft Fe),high,value_si is the soft-Fe order of magnitude stated as tens of nanometres. A ~ 10^{-11} J m^{-1} is taken as a measured input.,2026-08-17
magnetostriction:clock_latency:lab-loop,magnetostriction,library/magnetostriction.md,clock_latency,requirement,latency,time,"Magnetic side: precession / domain-wall clocks of the magnet entries. Mechanical side: acoustic transit of elasticity. Laboratory λ(H) loops are limited by the field sweep and by eddy currents / walls, not by the 28 GHz/T carrier.","The length-change clock is the magnet’s write / wall motion plus acoustic transit, not the Larmor carrier.",open,No separate magnetostrictive period is extracted. Lab loops are sweep- and wall-limited.,,,,sweep / walls / eddy; not 28 GHz/T,medium,The 28 GHz/T Larmor carrier is owned by permanent-magnet-latch.,2026-08-17
magnetostriction:consistency_gap:underived-lambda,magnetostriction,library/magnetostriction.md,consistency_gap,gap,output,dimensionless,"Why λ_s spans 10⁻⁵ (Ni) to 10⁻³ (Terfenol-D) is not extracted from a node rule here. Crystal-field and magnetoelastic coefficients are taken as data, the same way d_33 is taken as data on piezoelectricity.",The T_C and lattice-destruction collapses are located; λ_s is a handbook coupling.,open,"Coupling magnitude is taken, not derived from a stated node-level spring. Mapping confidence is therefore medium.",,,,λ_s taken (10⁻⁵ vs 10⁻³ class),medium,"File-level mapping is Medium. Cross-cite permanent-magnet-latch: do not re-specify remanence, T_C, or KV here.",2026-08-17
magnetostriction:emergent_output:lambda-s-class,magnetostriction,library/magnetostriction.md,emergent_output,output,output,dimensionless,Saturation magnetostriction λ_s = ΔL/L: Ni λ_s ∼ 10⁻⁵ (negative); Fe polycrystalline average 10⁻⁵ class or smaller; Terfenol-D (Tb–Dy–Fe) λ_s in the 10⁻³ class.,"A saturation strain λ_s locked to the aligned moment, plus the inverse stress–M channel, while the ordered magnet and the lattice both remain.",envelope,"The strain output is a material-typical λ_s class from ~10⁻⁵ (Ni) to ~10⁻³ (Terfenol-D), locked to aligned M.",range,,1,Ni ~10⁻⁵ (negative); Terfenol-D ~10⁻³,high,"Volume magnetostriction is a separate, usually smaller, channel and is the Invar cancellation term owned by thermal-expansion. A particular polycrystal’s λ_s is medium (texture- and stress-dependent).",2026-08-17
magnetostriction:energy_barrier:host-magnet-thresholds,magnetostriction,library/magnetostriction.md,energy_barrier,requirement,barrier,energy,"No separate magnetostrictive latch. The thresholds are the host magnet’s: T_C, the anisotropy / coercivity write field, and the mechanical integrity of the grid. Magnetoelastic energy is an extra term in the anisotropy budget; it can raise or lower the latch barrier but is not the barrier’s origin in NdFeB-class K_1.",This file must not re-specify the magnet. Strain is locked to M; the barrier that holds M is the latch’s.,envelope,"Magnetostriction is a coupling, not a latch. T_C, KV, and coercivity stay with permanent-magnet-latch.",,,,host T_C / coercivity / grid; not a second K_1,high,Cross-cite permanent-magnet-latch. Inverse (Villari) stress–M is a write / read channel on that latch.,2026-08-17
magnetostriction:failure_mode:curie,magnetostriction,library/magnetostriction.md,failure_mode,failure,threshold,temperature,"λ → 0 as T → T_C⁻ of the ordered magnet. Fe T_C ≈ 1043 K. Ni and Terfenol-D fail at their own, lower, Curie points. This is the same thermal cliff that erases net M on permanent-magnet-latch.","T > T_C → ordered moment gone → λ = 0. This file owns the length change, not the latch.",relabel,Magnetostriction dies at the host Curie point with the ordered moment.,min,1043.0,K,T > T_C (Fe ≈ 1043 K; Ni / Terfenol-D lower),high,"Cross-cite permanent-magnet-latch, which owns remanence, T_C, and KV. value_si is Fe T_C as the file’s numerical pin.",2026-08-17
magnetostriction:failure_mode:lattice-shock,magnetostriction,library/magnetostriction.md,failure_mode,failure,barrier,other,"Plastic deformation, cracking, or melting removes the lattice that carries ΔL. Severe shock can also scramble the latch via this coupling without a bulk melt.","No grid, no λ. The mechanical failure path named on permanent-magnet-latch is this coupling plus ordinary plasticity.",envelope,Lattice damage ends ΔL and can write error into M without reaching T_C.,,,,plastic / cracked / melted / shock,high,Cross-cite permanent-magnet-latch (lattice-shock row): the latch entry owns remanence erasure; this file owns the strain channel. Cross-cite melting for bulk grid loss.,2026-08-17
magnetostriction:failure_mode:unaligned-m,magnetostriction,library/magnetostriction.md,failure_mode,failure,threshold,b_field,λ follows M(H) and saturates once the domain population is aligned. A small field on a hard magnet produces little λ until the write field is reached. Vanishing spin–lattice coupling (λ_s → 0) leaves the moment and does not change the length.,"Macroscopic ΔL is small if M is not aligned, even when λ_s is finite. Alignment is a domain / coercivity condition, not a second coupling.",envelope,"Unaligned domains or a hard magnet below coercivity hide λ_s. λ_s → 0 is a different, material failure.",,,,M not aligned (below write field); or λ_s → 0,high,Cross-cite magnetic-domains and ferromagnetic-hysteresis.,2026-08-17
magnetostriction:hardware_scale:moment-plus-lattice,magnetostriction,library/magnetostriction.md,hardware_scale,requirement,scale,node_count,"An ordered magnetic population sitting in a deformable lattice, large enough for a macroscopic ΔL and a macroscopic M. A paramagnetic crystal has the lattice and not the ordered moment. A liquid magnet (if any) has no static shear grid to register a linear λ_s of this kind.",Hardware is ordered M plus a strain-carrying grid. Grain-scale latching of M is owned by permanent-magnet-latch / superparamagnetism; this file owns the strain that follows M.,envelope,Magnetostriction needs both an ordered moment and a deformable lattice. Either alone is not this machine.,,,,ordered M + deformable lattice,high,Cross-cite permanent-magnet-latch. Centrosymmetric iron is magnetostrictive and not piezoelectric.,2026-08-17
meissner:clock_latency:static-expulsion,meissner,library/meissner.md,clock_latency,requirement,latency,time,"Expulsion on cooling through Tc is limited by thermal diffusion, eddy-current transients, and (in type II) flux-line motion — laboratory times, not the gap frequency 2Δ/h.",This entry's static observation is the ω=0 expelled state. The gap frequency still sets the scale on which the condensate can respond to a changing field.,open,Static Meissner expulsion is not a 2Δ/h clock measurement; the expelled state is already the DC output.,,,,laboratory times; not 2Δ/h,high,"Contrast with josephson-effect, which owns the voltage-frequency lock.",2026-08-17
meissner:consistency_gap:underived-expulsion,meissner,library/meissner.md,consistency_gap,gap,output,b_field,"Cooling in a field yields B=0 rather than freeze-in. A hypothetical perfect conductor would trap the flux it already contained, not expel it. λ is a measured screening length, not a derived node count.","QSA records expulsion as the stable output of the gapped state; it does not yet produce expulsion-versus-trapping from a more primitive update rule, and it takes λ as the hardware depth.",open,"Why the equilibrium is expulsion rather than flux trapping is located as data, not derived from node rules. That is a gap, not a contradiction.",,,,expulsion taken; λ taken,medium,File-level mapping remains High. Same kind of underived screening length as reflection's δ = λ/4πk.,2026-08-17
meissner:emergent_output:perfect-diamagnetism,meissner,library/meissner.md,emergent_output,output,output,dimensionless,"In the fully expelled state the volume susceptibility is χ=-1 (SI) and the interior induction is B=0, aside from a surface layer of depth λ.",A field-free interior behind a surface layer of depth λ is the stable output of a fully provisioned screening buffer.,relabel,"Complete Meissner expulsion is perfect diamagnetism of the expelled volume, held at zero continuous power.",eq,-1.0,1,χ = -1 (SI); B = 0,high,This entry owns field expulsion / λ. Superconductivity owns R=0.,2026-08-17
meissner:energy_barrier:hc-hc1,meissner,library/meissner.md,energy_barrier,requirement,threshold,b_field,"Complete expulsion (χ=-1, B=0 in the bulk) holds for type-I superconductors at H < Hc. Type-I Hc(0): Al μ0 Hc ≈ 10.5 mT; Pb ≈ 80 mT; Sn ≈ 30 mT. Type II: complete expulsion only for H < Hc1.",Hc (type I) and Hc1 (type II) are the load-bearing field gates for complete expulsion. Holding the expelled state costs no continuous power.,envelope,"Complete field expulsion is gated by Hc or Hc1, not by a static anisotropy latch.",max,0.08,T,H < Hc (type I; Pb ≈ 80 mT) or H < Hc1 (type II),high,value_si is Pb μ0 Hc. Type-II Hc1 and the mixed state are owned by type-ii-critical-field.,2026-08-17
meissner:failure_mode:above-hc1,meissner,library/meissner.md,failure_mode,failure,threshold,b_field,Type I: H > Hc → field floods and superconductivity itself collapses. Type II: H > Hc1 → complete expulsion fails (vortices enter) while R=0 can persist. H > Hc2 → condensate gone.,Crossing the complete-expulsion gate is a Meissner failure even when the R=0 channel is still open.,relabel,The Meissner artifact dies at Hc or Hc1; that is not the same collapse as R=0.,min,0.08,T,H > Hc (type I) or H > Hc1 (type II),high,Split from superconductivity is required by the type-II mixed state. Hc2 is owned by type-ii-critical-field.,2026-08-17
meissner:failure_mode:above-tc,meissner,library/meissner.md,failure_mode,failure,threshold,temperature,"λ(T) and ξ(T) diverge as T→Tc; Hc, Hc1, and Hc2 fall to zero there. Warming through Tc ends the expulsion.",Thermal closure of the parent gap sends the screening depth to infinity and the expelled state disappears.,relabel,Expulsion ends at Tc with the parent condensate.,min,,,T > Tc,high,"Material Tc values are tabulated on superconductivity. Type-I intermediate state from a finite demagnetizing factor is a shape-dependent partition, not a second condensate.",2026-08-17
meissner:failure_mode:thin-film,meissner,library/meissner.md,failure_mode,failure,scale,length,"Thin films with thickness d ≪ λ do not fully expel; the effective screening is incomplete. That is a buffer-starvation form of the same effect, not a different Tc.",Spatial under-provisioning of the screening buffer leaves a nonzero interior field at any H < Hc1.,envelope,Films thinner than λ starve the expulsion layer.,max,4.5e-08,m,d ≪ λ,high,"Analogous to reflection's few-nanometre continuity / penetration cliff, at a different length.",2026-08-17
meissner:hardware_scale:lambda-buffer,meissner,library/meissner.md,hardware_scale,requirement,scale,length,London penetration depth λ(T) is the measured spatial buffer: B decays as e^{-x/λ}. Conventional elemental λ(0) sits in the 40–50 nm class (Nb and Pb near 40 nm; Al often quoted near 50 nm). YBCO λ_ab(0) sits in the 100–160 nm class.,A superconducting layer at least of order λ thick is required before the interior field is fully expelled. This entry owns λ; superconductivity owns R=0.,relabel,"Complete expulsion needs a screening buffer of tens of nanometres in conventional elements, of order 100 nm in YBCO's ab plane.",range,4.5e-08,m,λ(0) ~ 40–50 nm (elements); YBCO λ_ab ~ 100–160 nm,high,"value_si is the conventional-element mid-class. Precise λ(0) of any one film is medium (mean free path, surface, anisotropy). ξ and the vortex lattice are owned by type-ii-critical-field.",2026-08-17
melting:clock_latency:not-debye-overrun,melting,library/melting.md,clock_latency,requirement,latency,time,Thermal vibration of the ions has a spectral ceiling at the Debye / zone-boundary clock. Melting is not that clock being exceeded. Nucleation and front propagation set the laboratory time to complete the conversion and are not a single material pin.,"The conversion clock is nucleation and front motion, unpinned. Exceeding Θ_D is not melting.",open,"Melting is loss of restoring couplings, not Debye-clock overrun. No single laboratory conversion time is extracted.",,,,nucleation / front; not Θ_D overrun,medium,"Pb: Θ_D ∼ 100 K, T_m ≈ 600 K. Diamond Θ_D class ∼ 2000 K; 1 atm solid sublimes rather than a tungsten-style melt.",2026-08-17
melting:consistency_gap:lindemann-not-derived,melting,library/melting.md,consistency_gap,gap,threshold,dimensionless,"Lindemann criterion (conventional, not a derivation): the crystal is near melting when √⟨u²⟩/a ∼ 0.1–0.15. The number correlates with T_m across many solids; it does not predict T_m from node rules, and the prefactor is structure-dependent.","QSA takes measured T_m as the empirical threshold. Lindemann is a displacement consistency check, not a derived barrier.",open,"The mapping does not close on why ice, Al, and W fail at those temperatures. Lindemann is not a node-level derivation of T_m.",range,0.12,1,√⟨u²⟩/a ∼ 0.1–0.15 near T_m (criterion),medium,"File-level mapping is Medium while T_m data are High. Cohesive well depth, coordination, and anharmonicity (thermal-expansion) enter and are not yet primitive node specifications. Soft-mode melting belongs with phonon-dispersion. value_si is the 0.1–0.15 window midpoint.",2026-08-17
melting:emergent_output:coexistence-tm,melting,library/melting.md,emergent_output,output,output,temperature,"Below T_m, a solid with Bragg order and a shear modulus. At T_m, a first-order conversion whose temperature is a material constant at given pressure. Above T_m, a fluid without that grid.",The stable product is the coexistence temperature itself plus the solid/fluid sides of the cliff.,relabel,The machine’s output is an ordered shear-carrying solid below T_m and a first-order conversion at the measured pin.,range,,K,T_m(P) (ice 273.15 K; Al 933 K; W 3695 K at 1 atm),high,Clapeyron organizes dT_m/dP = ΔV/ΔS; ice ΔV < 0. It does not give T_m(P=0).,2026-08-17
melting:energy_barrier:measured-tm,melting,library/melting.md,energy_barrier,requirement,threshold,temperature,Measured 1 atm melting points: ice T_m = 273.15 K; aluminum T_m = 933 K; tungsten T_m = 3695 K. These are empirical failure temperatures of the respective grids. The latent heat is the energy that must be supplied at coexistence. There is no simple anisotropy-style barrier KV from which T_m is computed in this mapping.,The load-bearing threshold is the measured T_m: kT in the presence of the crystal’s cohesion is then sufficient to unbind the ordered grid.,relabel,"T_m is the measured thermal gate of the grid, not a derived KV-style barrier.",range,,K,ice 273.15 K; Al 933 K; W 3695 K,high,"value_si left null: three empirical pins, not one universal T_m. First-order for these three: latent heat, volume jump, two-phase plateau.",2026-08-17
melting:failure_mode:nonthermal-grid-loss,melting,library/melting.md,failure_mode,failure,barrier,other,"The grid can also be destroyed below T_m by large plastic strain, radiation amorphization, or dissolution.","Those are lattice-destruction routes, not the thermal coexistence cliff.",envelope,"Plastic strain, radiation, or dissolution can erase the grid without reaching T_m.",,,,plastic strain / radiation amorphization / dissolution,high,"Latch entries may list lattice destruction as a secondary failure; they own the latch, this file owns the grid.",2026-08-17
melting:failure_mode:tm-cliff,melting,library/melting.md,failure_mode,failure,threshold,temperature,"T → T_m at the ambient pressure → loss of Bragg order, loss of static shear, conversion to a fluid that carries only compressional sound. Superheating can temporarily overshoot T_m; the equilibrium collapse point remains the measured coexistence temperature.",Thermal unbinding of the ordered grid at the measured coexistence T_m. Shear sound and static shear die with the solid.,relabel,"The grid fails at T_m: Bragg gone, G → 0, only compressional sound remains.",min,,K,T ≥ T_m (ice 273.15 K; Al 933 K; W 3695 K),high,Cross-cite speed-of-sound (no shear in the melt) and elasticity (G → 0).,2026-08-17
melting:hardware_scale:bragg-grid,melting,library/melting.md,hardware_scale,requirement,scale,node_count,A crystalline grid large enough to produce Bragg peaks and a macroscopic shear modulus. A few-atom cluster has no bulk T_m; a glass has no Bragg grid. Glasses and amorphous solids do not have this T_m cliff; their softening is a viscosity / timescale crossover.,"The sharp hardware is the ordered lattice itself, not a universal millimetre envelope.",envelope,"Melting is a property of a Bragg-ordered, shear-carrying grid. Clusters and glasses are different machines.",,,,Bragg grid + shear; no universal mm envelope,high,,2026-08-17
mossbauer-effect:clock_latency:nuclear-lifetime,mossbauer-effect,library/mossbauer-effect.md,clock_latency,requirement,latency,time,57Fe τ≈141 ns sets Γ. Lattice vibrations that kill f are Debye/phonon clocks.,Nuclear lifetime plus host phonon clock.,relabel,Γ from nuclear τ; f from the grid clock.,approx,1.41e-07,s,τ(57Fe)≈141 ns,high,,2026-08-17
mossbauer-effect:consistency_gap:line-not-underthreshold,mossbauer-effect,library/mossbauer-effect.md,consistency_gap,gap,threshold,energy,"14.4 keV is the line energy, not an under-threshold non-occurrence of this channel.",Do not file as an energy-gate whose collapse is Eγ<14.4 keV.,open,"Lattice-mode payload, not a 14.4 keV under-threshold gate.",,,,"Eγ is the line, not the cliff",high,,2026-08-17
mossbauer-effect:emergent_output:recoilless-line,mossbauer-effect,library/mossbauer-effect.md,emergent_output,output,output,other,"Recoilless resonant absorption, scanned at mm/s Doppler velocities.",The lattice-enabled nuclear line is the output.,envelope,Recoilless resonance as the stable output.,,,,recoilless absorption,high,,2026-08-17
mossbauer-effect:energy_barrier:line-width,mossbauer-effect,library/mossbauer-effect.md,energy_barrier,requirement,threshold,energy,14.4 keV line of width Γ≈4.7 neV. The lattice must swallow ER so the lines overlap.,Nuclear line plus lattice recoilless condition. Not an under-threshold 14.4 keV gate.,envelope,Overlap within Γ is the operating window.,eq,2.31e-15,J,Eγ=14.4 keV; Γ~neV,high,,2026-08-17
mossbauer-effect:failure_mode:no-lattice,mossbauer-effect,library/mossbauer-effect.md,failure_mode,failure,threshold,temperature,"Gas, liquid, melt, or high T (f→0) destroys the resonance.",Grid loss or hot <x²> is the collapse.,envelope,No recoilless fraction ⇒ no Mössbauer channel.,,,,"f→0 (T, melt, gas)",high,,2026-08-17
mossbauer-effect:hardware_scale:bound-host,mossbauer-effect,library/mossbauer-effect.md,hardware_scale,requirement,scale,volume,A crystalline host that can take nuclear recoil as a whole. Free 57Fe has ER≈2 meV ≫ Γ≈4.7 neV and no overlap.,The lattice is the buffer. A free atom is under-provisioned.,envelope,Recoilless resonance needs a bound host.,,,,solid host; not a free atom,high,,2026-08-17
muon-catalyzed-fusion:clock_latency:muon-lifetime,muon-catalyzed-fusion,library/muon-catalyzed-fusion.md,clock_latency,requirement,latency,time,Muon mean lifetime τμ = 2.197e-6 s (PDG 2026). Formation and fusion inside a formed dtμ ion sit far below that clock.,τμ is the hard stop. Observation after the muon population is gone is not this effect.,relabel,"The catalysis clock is the muon lifetime, not a lattice attempt time.",eq,2.197e-06,s,τμ = 2.197 μs,high,"Lifetime taken from PDG, same honesty as me on pair-production.",2026-08-17
muon-catalyzed-fusion:consistency_gap:not-a-latch,muon-catalyzed-fusion,library/muon-catalyzed-fusion.md,consistency_gap,gap,power,energy,Zero muons after the beam is dark means zero catalysis. There is no remnant fusion cycle at zero muon population.,This is not a 0 W latch. Identifying it with a defect-pinned interstitial cell is a mapping error.,open,"Honest exclusion: μCF is a spent-node gate, not a hold-power memory.",,,,not 0 W hold after muon gone,high,Contrast membership on anisotropy-latch. Does not add a nuclear effect to the latch family.,2026-08-17
muon-catalyzed-fusion:emergent_output:fusions-per-muon,muon-catalyzed-fusion,library/muon-catalyzed-fusion.md,emergent_output,output,output,dimensionless,Dense d–t yields of order 100–150 fusions per stopped muon (Los Alamos / Jones class ~150). Products appear only while muons are present.,"Stable output is fusion-product yield per stopped muon, set by supply × cycle × (1−ωs), only while muons are present.",envelope,"The machine emits a per-muon fusion yield, not a remnant cell at 0 W.",range,150.0,1,~100–150 dt fusions / muon,high,value_si is the Jones LAMPF-class upper end. Not a net-energy factory number.,2026-08-17
muon-catalyzed-fusion:energy_barrier:mass-rescaled-well,muon-catalyzed-fusion,library/muon-catalyzed-fusion.md,energy_barrier,requirement,threshold,energy,"mμ c² = 105.658 MeV; mμ/me ≈ 206.8. The muonic Bohr radius is ~a0/207, so dtμ / ddμ holds the nuclei close enough for fusion on a timescale below τμ.",Not a latch. The muon mass rescales the well so the nuclear conversion occurs. The product leaves; the muon is recycled until it decays or sticks.,envelope,"The gate opener is the muon mass ratio, not lattice strain and not KV.",eq,1.693e-11,J,mμ c² = 105.658 MeV,high,"value_si is the muon rest energy. Q(dt)=17.6 MeV is the fusion release, not the gate that opens the cycle.",2026-08-17
muon-catalyzed-fusion:failure_mode:decay-or-sticking,muon-catalyzed-fusion,library/muon-catalyzed-fusion.md,failure_mode,failure,threshold,dimensionless,Each muon is erased by decay at τμ or by α-sticking. dt sticking ωs is 0.5–0.6% class; dd sticking is ~10% class. Yield is ~100–150 dt fusions per muon.,"Sticking and decay cap the cycle. They are erase of the catalyst, not a latch blocking temperature.",envelope,Decay and sticking are the yield cliffs of this gate.,approx,0.0055,1,ωs(dt) ~ 0.5–0.6%,high,value_si is the midpoint of the dt sticking class. Any one target’s exact ⟨n⟩ is medium.,2026-08-17
muon-catalyzed-fusion:failure_mode:no-muon,muon-catalyzed-fusion,library/muon-catalyzed-fusion.md,failure_mode,failure,scale,node_count,The same hydrogen-isotope target with no muons produces no catalysis cycle. Cosmic-ray flux does not become this cycle just because a hydride is present.,Missing muon is the collapse of the effect. Lattice compression and H/M do not substitute for the node.,relabel,No muon ⇒ channel closed. Twin of pair-production’s missing recoil partner.,eq,0.0,1,zero muons,high,This is the contrast to any muon-free LENR cell.,2026-08-17
muon-catalyzed-fusion:hardware_scale:muon-plus-two-nuclei,muon-catalyzed-fusion,library/muon-catalyzed-fusion.md,hardware_scale,requirement,scale,node_count,One muon plus two hydrogen-isotope nuclei (a dtμ or ddμ ion) is the hardware for one catalysis cycle. A metal lattice is not required. Target density is capacity.,N = 1 muon + two nuclei. No collective metal film and no defect-cell KV. Density raises the cycle rate; it does not open a muon-free cell.,envelope,The gate hardware is one muon and two hydrogen nuclei. Target volume is capacity.,eq,1.0,1,N = 1 muon + 2 nuclei,high,"Same N=1 family as photoelectric, with a different particle.",2026-08-17
neutron-gravitational-states:clock_latency:bounce,neutron-gravitational-states,library/neutron-gravitational-states.md,clock_latency,requirement,latency,time,Bounce / dwell on the mm/s UCN scale (ms–s).,Not a nuclear lifetime.,envelope,UCN bounce clock.,,,,ms–s bounce,medium,,2026-08-17
neutron-gravitational-states:consistency_gap:gapped-name-loose,neutron-gravitational-states,library/neutron-gravitational-states.md,consistency_gap,gap,barrier,energy,"The spacing is gravitational, not a pairing gap. No charge, no λ, no Tc.",Do not fold into gapped-condensate. Same honesty as He-4.,open,"Family name is loose; leftover, not a tenth design.",,,,peV gravity ≠ 2Δ,medium,,2026-08-17
neutron-gravitational-states:emergent_output:height-steps,neutron-gravitational-states,library/neutron-gravitational-states.md,emergent_output,output,output,length,"Stepwise transmission versus absorber height, first step at the z1 ~ 14 μm class.",Discrete gravitational states as the stable output.,envelope,Height steps at the Airy turning points.,,,,steps at zn,high,,2026-08-17
neutron-gravitational-states:energy_barrier:peV-ladder,neutron-gravitational-states,library/neutron-gravitational-states.md,energy_barrier,requirement,barrier,energy,"Ground-state energy E1 ≈ 1.4 peV. Neutrons are selected as UCN, not thermalized into this well.",Gravitational level spacing is the protecting gap. Family name gapped is loose.,envelope,"peV gravitational ladder, not a pairing gap.",approx,2.24e-34,J,E1 ≈ 1.4 peV,high,,2026-08-17
neutron-gravitational-states:failure_mode:absorber-below-z1,neutron-gravitational-states,library/neutron-gravitational-states.md,failure_mode,failure,scale,length,Absorber below z1 passes essentially no ground-state neutrons. Neutrons that are not UCN are not bound.,Under-height slit or wrong buffer collapses the steps.,relabel,z < z1 or not-UCN is the collapse.,max,1.37e-05,m,z < z1,high,,2026-08-17
neutron-gravitational-states:hardware_scale:ucn-mirror,neutron-gravitational-states,library/neutron-gravitational-states.md,hardware_scale,requirement,scale,length,UCN plus a horizontal neutron mirror plus g. Ground-state height z1 ≈ 13.7 μm.,"The spatial buffer is the gravitational well height, not a metal film.",envelope,UCN + mirror + g over ~10 μm is the hardware.,approx,1.37e-05,m,z1 ≈ 13.7 μm,high,,2026-08-17
pair-production:clock_latency:qed,pair-production,library/pair-production.md,clock_latency,requirement,latency,time,"The conversion, when allowed, is a high-energy QED process on timescales far below any laboratory clock. Subsequent slowing of the pair and annihilation are later steps.",Pair-creation latency is not a laboratory-scale clock. Annihilation witnesses the conversion; it is not the gate.,envelope,"The conversion, when allowed, is already complete on any laboratory clock.",,,,≪ laboratory clock,high,No numerical QED time is given; do not invent ħ/2mec².,2026-08-17
pair-production:consistency_gap:underived-me,pair-production,library/pair-production.md,consistency_gap,gap,threshold,energy,QSA takes me c² = 511 keV as a measured node specification. It does not here derive the electron mass from a more primitive resource count.,The collapse clauses (Eγ < 1.022 MeV; no recoil partner) do not depend on that derivation.,open,The rest mass is located and measured; it is not derived from node rules.,,,,"mec² taken, not derived",medium,File-level mapping remains High; this clause is the underived step.,2026-08-17
pair-production:emergent_output:annihilation-line,pair-production,library/pair-production.md,emergent_output,output,output,energy,Annihilation of a stopped positron on an electron returns two 511 keV photons. That line is the macroscopic witness that a pair was produced.,"A material- and energy-dependent pair yield above 1.022 MeV, followed by the 511 keV annihilation line, as the synchronized output of many independent photon–nucleus conversions.",relabel,The machine’s stable product is a pair yield plus the 511 keV line.,eq,8.187e-14,J,511 keV annihilation line,high,value_si is one 511 keV photon.,2026-08-17
pair-production:energy_barrier:two-mc2,pair-production,library/pair-production.md,energy_barrier,requirement,threshold,energy,"Rest energy me c² = 510.999 keV ≈ 511 keV. The pair gate in the field of a heavy nucleus is Eγ^th = 2 me c² = 1.022 MeV. Finite nuclear mass raises the exact kinematic threshold by a fractional ~ me/M, negligible for ordinary nuclei.",The operating gate is the rest-mass sum 2me c². It is not the unbinding of a pre-existing electron. No optical photoelectric event opens this channel.,relabel,"Pair production is a rest-mass creation gate, not an ionization gate.",eq,1.637e-13,J,2mec² = 1.022 MeV,high,Forbidden below 2mec² even in a fully ionized plasma.,2026-08-17
pair-production:failure_mode:no-recoil-partner,pair-production,library/pair-production.md,failure_mode,failure,scale,node_count,"A photon in free space, with no nearby mass to recoil, cannot satisfy energy and momentum together; the channel remains closed at every energy.",Spatial under-provisioning closes the channel even for Eγ > 1.022 MeV.,relabel,"Missing recoil partner is a spatial-buffer collapse, twin of the energy cliff.",,,,no nearby nucleus / empty space,high,"Two-photon pair production in an intense photon bath is a noted extension of the same rest-mass gate, not required for the nuclear-field case.",2026-08-17
pair-production:failure_mode:triplet-threshold,pair-production,library/pair-production.md,failure_mode,failure,threshold,energy,Pair production on an electron (triplet production) opens only at 4 me c² = 2.044 MeV.,"An electron as the only recoil partner keeps the gate shut until 2.044 MeV. Same conversion, lighter momentum sink.",relabel,Wrong partner raises the rest-mass gate; it does not invent a second family.,max,3.275e-13,J,Eγ < 2.044 MeV (electron partner),high,,2026-08-17
pair-production:failure_mode:under-threshold,pair-production,library/pair-production.md,failure_mode,failure,threshold,energy,"Below 1.022 MeV the pair channel is simply absent: no positrons, no subsequent 511 keV annihilation line from this process.",Under-threshold input is the non-occurrence of the conversion. That is the collapse of the effect.,relabel,Below 2mec² the pair gate stays shut.,max,1.637e-13,J,Eγ < 1.022 MeV,high,Photoelectric absorption and Compton scattering may still remove photons; they are other channels.,2026-08-17
pair-production:hardware_scale:photon-plus-nucleus,pair-production,library/pair-production.md,hardware_scale,requirement,scale,node_count,One photon plus one nearby nucleus (or other recoil partner) is the hardware for one conversion. Isolated photons in empty space do not convert. A macroscopic rate then scales with nuclear column density.,"“Nearby” is a spatial-buffer condition: the photon must pass through the Coulomb field of a mass that can recoil. Empty space, however energetic the photon, is under-provisioned.",envelope,"Hardware is one photon plus one recoil partner. The spatial clause is mandatory, not decorative.",,,,1 photon + 1 nearby nucleus,high,"No Coulomb-radius length is given; do not invent one. Bethe–Heitler yield scales as Z², a capacity of the nuclear partner, not a second energy gate.",2026-08-17
permanent-magnet-latch:clock_latency:larmor,permanent-magnet-latch,library/permanent-magnet-latch.md,clock_latency,requirement,speed,frequency,Free-electron spin precession γ/2π ≈ 28.025 GHz/T.,"Baseline single-spin clock of the latch. Write/erase of a hard magnet is set by field sweep and wall motion, not this carrier.",relabel,The latch has a 28 GHz/T precession clock; holding the state does not require running that clock as a power draw.,eq,28025000000.0,Hz/T,28.025 GHz/T,high,si_unit is Hz per tesla; value_si is the 1 T frequency.,2026-08-17
permanent-magnet-latch:consistency_gap:mesoscale-coercivity,permanent-magnet-latch,library/permanent-magnet-latch.md,consistency_gap,gap,threshold,b_field,Technical coercivity is microstructure-dependent and much less than Ha ~7–8 T.,"QSA does not yet have a clean buffer/barrier specification for the mesoscale write threshold (nucleation, grain boundaries, dipolar coupling).",open,The latch-vs-soft and Tc/KV collapses do not depend on closing coercivity; the write field is still underived.,,,,Hc ≪ Ha; mesoscale,medium,File-level mapping remains High.,2026-08-17
permanent-magnet-latch:emergent_output:zero-hold-power,permanent-magnet-latch,library/permanent-magnet-latch.md,emergent_output,output,power,energy,A static magnet at rest produces no continuous I²R or hysteresis heat.,"Stable directional moment and static field/force at zero continuous power, inside the Tc / KV / lattice envelope.",relabel,Holding the latched state costs zero watts. Energy is the write/erase loop area only.,eq,0.0,W,0 W hold,high,,2026-08-17
permanent-magnet-latch:energy_barrier:anisotropy,permanent-magnet-latch,library/permanent-magnet-latch.md,energy_barrier,requirement,barrier,energy,Uniaxial anisotropy density K1 ≈ 4.5 MJ/m³; per-grain barrier ΔE ≈ K1V. Holding costs zero continuous power.,Magnetocrystalline (or shape) anisotropy locks orientation. Energy is spent only on write/erase (hysteresis-loop area).,relabel,The latch exists because a barrier protects orientation at zero hold-power.,approx,4500000.0,J/m^3,K1 ≈ 4.5 MJ/m³,high,"Barrier energy is K1V, not K1 alone.",2026-08-17
permanent-magnet-latch:failure_mode:curie,permanent-magnet-latch,library/permanent-magnet-latch.md,failure_mode,failure,threshold,temperature,Nd2Fe14B Tc ≈ 585 K (312 °C). Commercial grades ~310–400 °C with Co substitution.,kT exceeding the anisotropy barrier at Tc destroys phase coherence across the array → net-zero magnetization.,relabel,Thermal over-barrier collapse of the latch at the Curie point.,min,585.0,K,T > Tc ≈ 585 K (Nd2Fe14B),high,,2026-08-17
permanent-magnet-latch:failure_mode:lattice-shock,permanent-magnet-latch,library/permanent-magnet-latch.md,failure_mode,failure,barrier,other,"Mechanical shock, plastic deformation, and decrepitation can destroy remanence without reaching Tc.",Lattice / grain-structure failure writes error across the array by destroying the directional matrix.,envelope,The latch matrix is the crystal. Destroy the grid and the barrier goes with it.,,,,shock / plastic strain / decrepitation,high,Lattice entry owns the grid; this row owns the latch erasure.,2026-08-17
permanent-magnet-latch:failure_mode:superparamagnetic-volume,permanent-magnet-latch,library/permanent-magnet-latch.md,failure_mode,failure,scale,volume,KV ≲ 25 kT at operating temperature randomizes the grain on laboratory time.,"Same barrier, under-provisioned volume. Spatial-buffer twin of the thin-film mirror.",envelope,Too-small grains erase the latch thermally without reaching Tc.,max,2.3e-26,m^3,KV ≲ 25 kT (~30 nm NdFeB),high,Primary owner of this collapse is superparamagnetism.,2026-08-17
permanent-magnet-latch:hardware_scale:latch-cell,permanent-magnet-latch,library/permanent-magnet-latch.md,hardware_scale,requirement,scale,volume,Nd2Fe14B K1 ≈ 4.5 MJ/m³. Laboratory stability convention KV ≳ 25 kT gives V ≈ 2.3e-26 m³ (~30 nm linear) at 300 K.,A crystalline anisotropy cell large enough that K1V ≳ 25 kT is the latch hardware. Soft matrices lack this barrier.,derived,"The sharp hardware cliff is the grain-scale latch cell, not the sample envelope.",min,2.3e-26,m^3,V ≳ 2.3e-26 m³ (~30 nm); KV ≳ 25 kT,high,"25 kT is a timescale convention, not a single experimental cliff. Cross-cite superparamagnetism.",2026-08-17
permanent-magnet-latch:hardware_scale:macro-moment,permanent-magnet-latch,library/permanent-magnet-latch.md,hardware_scale,requirement,capacity,node_count,A usable motor force is F = ∇(m·B) from a large aligned population. There is no universal millimetre-scale cliff.,Macroscopic force is synchronized output of many latched grains. Force scales with aligned moment; the sharp cliff stays at the grain.,open,"The sample envelope is a capacity, not a second spatial cliff. No single minimum N for a usable force is extracted.",,,,force scales with aligned m; no universal N,medium,,2026-08-17
phonon-dispersion:clock_latency:allowed-clock-table,phonon-dispersion,library/phonon-dispersion.md,clock_latency,requirement,speed,frequency,Maximum phonon frequencies sit in the few-to-tens-of-THz class (Al’s spectrum ends near 10 THz; diamond’s near 40 THz). Si zone-centre Raman is 15.5 THz; diamond 40 THz (1332 cm⁻¹). Acoustic clocks run from zero up to the zone-boundary frequency of that branch.,ω_s(q) is the allowed-clock table. Nothing in the lattice oscillates as a phonon faster than the highest measured branch.,envelope,"The lattice’s mechanical clocks are the measured branches, from acoustic zero up to a material-typical THz ceiling.",range,10000000000000.0,Hz,few–tens of THz (Al ~10 THz; diamond ~40 THz),high,value_si is Al’s ~10 THz ceiling as a representative. Optical zone-centre pins: Si 15.5 THz; diamond 40 THz.,2026-08-17
phonon-dispersion:consistency_gap:underived-omega,phonon-dispersion,library/phonon-dispersion.md,consistency_gap,gap,speed,frequency,QSA takes the measured ω(q) as data. Force-constant models that fit the curves are not promoted to node rules. The mapping does not predict which crystal will soften.,Branch frequencies are located as the clock table but not derived from a more primitive set of node spring constants.,open,"The allowed-clock map is taken, not computed from node springs. That is a gap, not a contradiction.",,,,"ω(q) taken, not derived",medium,File-level mapping is Medium: hardware scale is not a single number; binary macros belong to related lattice entries.,2026-08-17
phonon-dispersion:emergent_output:dispersion-surface,phonon-dispersion,library/phonon-dispersion.md,emergent_output,output,output,frequency,Inelastic neutron and X-ray scattering return discrete ω(q) peaks along each branch. Acoustic long-wave slopes match measured sound speeds (Al longitudinal ≈ 6.4 km s⁻¹; Si [100] longitudinal ≈ 8.4 km s⁻¹). Zone-centre optical pins include Si 15.5 THz and diamond 40 THz.,"The stable output is the measured surface ω_s(q), its long-wave speeds v_s, and its zone-centre optical frequencies, for as long as the crystal remains ordered.",envelope,"The synchronized ion grid emits a material-typical allowed-clock map, not a single binary macro.",,,,ω_s(q); v_s; Γ optical pins (Si 15.5 THz; diamond 40 THz),high,Long-wave slope is also speed-of-sound. Do not invent a single dispersion cliff.,2026-08-17
phonon-dispersion:energy_barrier:no-latch,phonon-dispersion,library/phonon-dispersion.md,energy_barrier,requirement,barrier,energy,The harmonic restoring energy of a mode is ½ħω(2n+1) (or ½ku² classically). Softening to ω→0 is loss of that restoring constraint along one coordinate.,"This is an oscillator budget, not an activation barrier that holds a directional state. Dispersion is not a latch.",envelope,"Phonon branches are driven oscillators, not a memory. There is no static barrier holding a written mechanical state.",,,,"½ħω(2n+1) oscillator budget, not KV",high,Negative latch spec: contrast with permanent-magnet-latch.,2026-08-17
phonon-dispersion:failure_mode:clock-ceiling,phonon-dispersion,library/phonon-dispersion.md,failure_mode,failure,speed,frequency,"Driving above the highest lattice frequency produces no additional phonon mode. Zone-boundary / reststrahlen / neutron cutoff sits at the few-to-tens-of-THz class. q outside the first zone is an alias, not a new clock.",Drive faster than the last branch → no additional lattice mode.,envelope,The allowed-clock table ends at the zone-boundary maximum; faster drive is not a phonon.,min,10000000000000.0,Hz,ω above last branch (Al ~10 THz; diamond ~40 THz),high,Physical ceiling is owned here; Debye ω_D is the continuum stand-in filed under debye-cutoff.,2026-08-17
phonon-dispersion:failure_mode:grid-loss,phonon-dispersion,library/phonon-dispersion.md,failure_mode,failure,threshold,other,Loss of Bragg order ends the map. Melting or amorphization removes the discrete ω(q) branches. Finite lifetime / mean free path blurs a peak but does not erase the branch until the lattice itself fails.,The clock table is carried by the crystal. Destroy the grid and the map ends.,envelope,Melting or amorphization erases the allowed-clock table by destroying the lattice that defined q.,,,,melting / amorphization; Bragg order gone,high,Primary owner of the thermal coexistence cliff is melting.,2026-08-17
phonon-dispersion:failure_mode:soft-mode,phonon-dispersion,library/phonon-dispersion.md,failure_mode,failure,threshold,frequency,A restoring branch can fall toward ω=0 as a structural transition is approached. An imaginary harmonic ω is the statement that the current lattice is mechanically unstable.,Softening to ω→0 closes that restoring channel; a structural transition follows. This is not the first-order melting of Al or W.,envelope,"A branch that loses its restoring frequency is a coordinate-specific grid instability, not the melting cliff.",approx,0.0,Hz,ω → 0 (soft mode),medium,Soft-mode trajectories are high as a class and medium for any one crystal’s T-axis. Melting owns Bragg-order loss.,2026-08-17
phonon-dispersion:hardware_scale:crystalline-grid,phonon-dispersion,library/phonon-dispersion.md,hardware_scale,requirement,scale,node_count,One primitive cell already defines an optical zone-centre clock; a well-defined q is a phase relation across many cells. Amorphous solids retain a vibrational density of states but lose sharp ω(q) branches. There is no single nanometre cliff.,"The hardware is the crystalline lattice. The map as a spectrum is an extended-crystal object, not a 10–20 nm buffer.",envelope,"Phonon dispersion requires an ordered grid; one cell sets an optical clock, but the spectrum is many-cell. Amorphization is loss of the map, not a thickness failure.",,,,primitive cell + extended crystal; no nm cliff,medium,Contrast reflection’s connected-film buffer. Lattice constants in file: Si 5.43 Å; Al 4.05 Å; diamond 3.57 Å.,2026-08-17
photoconductivity:clock_latency:generation,photoconductivity,library/photoconductivity.md,clock_latency,requirement,latency,time,Generation follows the optical cycle (femtoseconds).,"Generation, when allowed, is already complete on any laboratory shutter. Bias does not replace this clock; it only reads the carriers.",envelope,Pair generation latency sits in the femtosecond optical-cycle neighbourhood.,approx,1e-15,s,femtoseconds,high,Same generation clock class as semiconductor-gap-absorption.,2026-08-17
photoconductivity:clock_latency:recombination,photoconductivity,library/photoconductivity.md,clock_latency,requirement,latency,time,τ spans nanoseconds in many direct-gap or dirty samples to milliseconds in high-purity Si. No single universal τ is claimed. Chopping faster than 1/τ rolls off the photocurrent. Gain Γ = τ/t_tr multiplies the current; it does not move Eg.,The readout clock is the recombination lifetime τ and the transit time t_tr. Gain is this pair of clocks written as a performance number.,envelope,"τ is a performance metric, not a threshold. Clock overrun of the readout is not closure of Eg.",range,1e-06,s,τ ~ ns–ms (sample-specific),high,value_si is a mid-class marker of the stated ns–ms window. Lifetime is high as a class and sample-specific as a number.,2026-08-17
photoconductivity:consistency_gap:underived-tau,photoconductivity,library/photoconductivity.md,consistency_gap,gap,latency,time,"QSA does not here derive τ from a primitive node count. Lifetime is taken as a measured recombination resource. Gain figures of a given detector are therefore performance data, not predicted constants.",The threshold mapping does not depend on closing that derivation.,open,"Eg is located; τ and gain are taken as measured performance, not derived.",,,,"τ taken, not derived",medium,File-level mapping remains High; this clause is the underived step.,2026-08-17
photoconductivity:emergent_output:delta-sigma,photoconductivity,library/photoconductivity.md,emergent_output,output,output,current,"A light-dependent conductance whose spectral onset tracks Eg or Et, with magnitude set by η, α, τ, and μ, reverting when generation stops. Δn = Gτ.","Stable output is a reversible, light-dependent conductance, not a latched state and not an ejected vacuum current.",envelope,The machine’s product is Δσ(hν) that turns on at the gap and reverts when generation stops.,,,,Δσ onset at Eg or Et; reverts when light off,high,Photoelectric-threshold and work-function-thermionic eject the carrier into vacuum; this entry keeps it inside the solid.,2026-08-17
photoconductivity:energy_barrier:gap,photoconductivity,library/photoconductivity.md,energy_barrier,requirement,threshold,energy,"Intrinsic photoconductivity is gated by the same gaps as semiconductor-gap-absorption: Si Eg ≈ 1.12 eV, Ge ≈ 0.66 eV, GaAs ≈ 1.42 eV, diamond ~5.5 eV (all 300 K). Extrinsic photoconductivity is gated by a trap depth Et < Eg.",The operating gate is Eg (intrinsic) or Et (extrinsic). Bias does not replace the gate; it only reads the carriers. Thermal generation across the same gate produces dark current.,relabel,"Photoconductivity is the same Eg gate as gap absorption, read as current rather than as opacity.",approx,1.794e-19,J,Si Eg ≈ 1.12 eV (300 K); or Et < Eg extrinsic,high,Must share this collapse energy with semiconductor-gap-absorption. value_si is Si at 300 K.,2026-08-17
photoconductivity:failure_mode:short-lifetime,photoconductivity,library/photoconductivity.md,failure_mode,failure,latency,time,τ too short → generated carriers vanish before they contribute a measurable Δσ. Absorption without photocurrent is allowed.,"The gate opened; the output did not last. That is a readout-clock failure, not a denial of Eg.",envelope,Clock starvation of the readout leaves the spectral gate intact.,,,,τ too short vs t_tr / measurement,high,Blocking contacts or a vanished bias likewise remove the current readout without closing Eg.,2026-08-17
photoconductivity:failure_mode:under-threshold,photoconductivity,library/photoconductivity.md,failure_mode,failure,threshold,energy,"Below Eg (or Et) this conversion does not occur. Below the edge, extra light of that colour does not raise the current through this channel. Conductance stays at the dark baseline.",Under-threshold input is the non-occurrence of the conversion. That is the collapse of the effect.,relabel,Below Eg the photoconductive gate stays shut.,max,1.794e-19,J,hν < Eg (or < Et),high,"Sub-gap current, if any, is thermal, two-photon, or defect-assisted — other channels. Raising T buries Δσ in dark current: a thermal failure of readout, not a shift of the optical gate to zero.",2026-08-17
photoconductivity:hardware_scale:single-conversion,photoconductivity,library/photoconductivity.md,hardware_scale,requirement,scale,node_count,The conversion event is one absorbed photon promoting one electron (and a hole) across Eg or Et. There is no collective optical-buffer analogue of the 10–20 nm mirror. Thinning the absorber reduces the generation volume in proportion to 1−e^{−αL}.,"A measurable current is the summed drift of a large generated population between contacts. The crystal must be intact enough to support bands or defined traps, and contacted.",relabel,"The gate is a single-event conversion inside an intact, contacted crystal. Thickness is a generation capacity, not a continuity cliff.",eq,1.0,1,N = 1 photon → e–h pair,high,"Absorption without photocurrent (very short τ, bad contacts) and photocurrent without strong opacity (thin extrinsic layers) are both allowed.",2026-08-17
photoelectric-threshold:clock_latency:attosecond,photoelectric-threshold,library/photoelectric-threshold.md,clock_latency,requirement,latency,time,"Streaking delays of tens to hundreds of attoseconds. Intensity sets rate, not one-event latency.",The conversion is finished on any optical-cycle-averaged laboratory clock.,envelope,Single-electron conversion latency sits in the attosecond regime.,range,1e-16,s,tens–hundreds of as,high,,2026-08-17
photoelectric-threshold:consistency_gap:underived-phi,photoelectric-threshold,library/photoelectric-threshold.md,consistency_gap,gap,threshold,energy,Face dependence and contamination shift φ by tenths of an eV. QSA takes measured φ as the gate.,No derivation of the 2–6 eV class from a surface-dipole plus chemical-potential construction.,open,The gate is located and shown to be a surface resource; its value is not derived from node rules.,,,,"φ taken, not derived",medium,Do not identify φ with Ag’s 3.9 eV optical plasma edge.,2026-08-17
photoelectric-threshold:emergent_output:threshold-phi,photoelectric-threshold,library/photoelectric-threshold.md,emergent_output,output,output,energy,"A material- and face-typical φ, zero photocurrent below it, linear Kmax(ν) above it.",The stable output is the threshold itself plus the above-threshold kinetic-energy line.,relabel,The machine’s stable product is a work-function gate and a linear surplus-energy line.,range,6.4e-19,J,φ (2–6 eV class),high,,2026-08-17
photoelectric-threshold:energy_barrier:work-function,photoelectric-threshold,library/photoelectric-threshold.md,energy_barrier,requirement,threshold,energy,"Typical φ 2–6 eV (Cs low, Pt high). KE = hν − φ above threshold.",φ is the load-bearing gate. Below it (linear regime) conversion does not occur. Not a latch; the electron leaves.,relabel,The photoelectric effect is a single-particle energy gate at the work function.,range,6.4e-19,J,φ ≈ 2–6 eV,high,"value_si is ~4 eV in joules, mid-class.",2026-08-17
photoelectric-threshold:failure_mode:under-threshold,photoelectric-threshold,library/photoelectric-threshold.md,failure_mode,failure,threshold,energy,hν < φ → no linear photoemission (only a Fowler tail exponential in (φ−hν)/kT).,Under-threshold input is the non-occurrence of the conversion. That is the collapse of the effect.,relabel,Below the work function the gate stays shut.,max,6.4e-19,J,hν < φ,high,,2026-08-17
photoelectric-threshold:hardware_scale:single-electron,photoelectric-threshold,library/photoelectric-threshold.md,hardware_scale,requirement,scale,node_count,A single conversion event is already the microscopic effect. Photoemission persists from atomically thin or adsorbate-covered emitters once hν clears φ.,"No collective buffer is required. One electron at a surface is the hardware. Escape depth limits collection, not the on/off of the gate.",relabel,Negative spatial-buffer spec: the gate is single-particle. Contrast with reflection’s 10–20 nm stack.,eq,1.0,1,N = 1 electron,high,How to query effects that do not need a spatial buffer.,2026-08-17
piezoelectricity:clock_latency:plate-resonance,piezoelectricity,library/piezoelectricity.md,clock_latency,requirement,latency,time,"The mechanical side tracks the acoustic clocks of elasticity / speed-of-sound (transit across the plate). The electrical side tracks the dielectric response of the bound-charge population. Laboratory piezo devices are usually limited by the plate resonance, not by an atomic period.","Device latency is the acoustic transit / plate resonance, not an atomic piezo clock.",open,No single atomic piezo period is extracted. Laboratory clocks sit at the plate resonance.,,,,plate resonance / acoustic transit (unpinned),medium,Cross-cite speed-of-sound and refraction-dielectric.,2026-08-17
piezoelectricity:consistency_gap:underived-d,piezoelectricity,library/piezoelectricity.md,consistency_gap,gap,output,other,The mapping takes handbook d_ij as the coupling strength. QSA does not yet derive why quartz is ~2 pC N⁻¹ and PZT is 10² class from node rules.,"The symmetry gate and T_C collapse are located; the magnitude of d is taken, not computed.",open,Coupling magnitude is a handbook input. That is the principal reason the mapping is medium rather than high.,,,,d_ij taken (quartz ~2 vs PZT 10² class),medium,File-level mapping is Medium. Polar latch is a different machine sharing the same crystal.,2026-08-17
piezoelectricity:emergent_output:d-class,piezoelectricity,library/piezoelectricity.md,emergent_output,output,output,other,Handbook coupling class: quartz and AlN sit in the single-digit to ~10 pC N⁻¹ class (quartz d_11 ≈ 2.3 pC N⁻¹ is a standard cut number); PZT ceramics sit in the 10² pC N⁻¹ class.,"A linear, reversible strain ↔ polarization conversion with a material-typical d_ij, present only while the inversion-free (and, if ferroelectric, polar) lattice holds.",envelope,"The coupling output is a pC/N-class d_ij: quartz ~2, PZT ~10², only inside the symmetry / polar envelope.",range,2.3e-12,C/N,quartz d_11 ≈ 2.3 pC N⁻¹; AlN ~1–10; PZT 10² class,high,value_si is the quartz d_11 pin. A particular ceramic’s d_33 is medium (process- and composition-dependent). Specific commercial PZT grades are not a single pin.,2026-08-17
piezoelectricity:energy_barrier:symmetry-gate-not-latch,piezoelectricity,library/piezoelectricity.md,energy_barrier,requirement,threshold,dimensionless,"The existence gate is inversion-free lattice symmetry, not an energy barrier. Quartz is not a ferroelectric latch; its coupling tracks the non-centrosymmetric lattice, not a switchable remnant polarization. Coercive field writes the polar latch; it is not the piezo coupling itself.","Linear piezo is a symmetry-gated coupling, not a memory. Ferroelectric remnant P is a different machine sharing some crystals.",envelope,No piezo latch. The gate is inversion-free symmetry; quartz does not die with a remnant-P write.,,,,inversion-free gate; not a KV / P_r latch,high,Ferroelectric T_C is an additional thermal threshold on the large polar d_ij. Cross-cite ferroelectric-remanence.,2026-08-17
piezoelectricity:failure_mode:ferroelectric-tc,piezoelectricity,library/piezoelectricity.md,failure_mode,failure,threshold,temperature,"The large polar d_ij of PZT / BaTiO3 vanishes with the polar phase above T_C (BaTiO3 T_C ≈ 393 K; PZT T_C is composition-dependent, typically a few hundred °C). Quartz α–β at 573 °C changes the coefficients; β-quartz remains non-centrosymmetric. Quartz does not die at a ferroelectric T_C.",PZT fails as a large piezo at ferroelectric T_C even while a solid remains. Quartz fails only by losing the non-centrosymmetric grid.,relabel,Ferroelectric piezo has a T_C collapse of the large d_ij. Quartz does not share that cliff.,min,393.0,K,T > T_C (BaTiO3 ≈ 393 K; PZT few hundred °C),high,value_si is BaTiO3 T_C. Two collapse routes must not be collapsed into one sentence. Remnant P owned by ferroelectric-remanence.,2026-08-17
piezoelectricity:failure_mode:grid-loss,piezoelectricity,library/piezoelectricity.md,failure_mode,failure,threshold,other,"Lattice destruction (melting) removes the coupling with the grid. Cracking of the grid ends the coupling. Drive out of the linear window produces harmonics and, in ferroelectrics, depoling.","No inversion-free solid, no linear d_ij. Shock-depoling or cracking is lattice damage, not a second copy of melting.",envelope,Melting or cracking destroys the strain–polarization hardware with the lattice.,,,,melting / cracking; linear-window / depoling,high,Cross-cite melting. Mechanical-lattice damage on the latch is not restated as a second melting.,2026-08-17
piezoelectricity:failure_mode:inversion,piezoelectricity,library/piezoelectricity.md,failure_mode,failure,threshold,other,"Centrosymmetric crystals have d_ij = 0 for the linear effect (Si, NaCl, most metals; or a phase that restored inversion).","If inversion is a symmetry, the linear output is forbidden, independent of field strength short of breakdown.",relabel,Inversion present → d_ij = 0. As sharp a hardware condition as the plasma-frequency clock on reflection.,eq,0.0,C/N,inversion present ⇒ d_ij = 0,high,Dielectric breakdown at high E is a different cliff (dielectric-breakdown).,2026-08-17
piezoelectricity:hardware_scale:inversion-free-lattice,piezoelectricity,library/piezoelectricity.md,hardware_scale,requirement,threshold,dimensionless,Linear piezoelectricity requires a lattice without an inversion center. Twenty of the 32 crystal classes meet that condition. A centrosymmetric crystal of any size does not provision the linear coupling. A crystalline or poled ceramic lattice must be large enough for a macroscopic stress and a macroscopic polarization to be defined.,The hardware is an inversion-free grid. Size does not create d_ij if inversion is present. Polar memory of a poled ferroelectric is owned by ferroelectric-remanence.,relabel,The linear strain–polarization machine is provisioned only by a non-centrosymmetric lattice (20 of 32 classes).,,,,20 of 32 classes inversion-free; d_ij = 0 with inversion,high,"Centrosymmetric crystals may still show quadratic electrostriction, which is not this entry.",2026-08-17
plasma-frequency-cutoff:clock_latency:plasma-period,plasma-frequency-cutoff,library/plasma-frequency-cutoff.md,clock_latency,requirement,latency,time,"Plasma periods: ~0.3 fs (Al, ℏωp≈15 eV); ~0.5 fs (Ag free-electron, 9 eV); ~0.7 fs (Na, 5.7 eV). Ag optical-edge period ~1 fs. Ionospheric cycle is microseconds.",The electron population must complete a collective screening cycle within one drive period. Miss that cycle and the reflected beam collapses.,relabel,Clock is load-bearing. Metal screening finishes in a few 10^{-16}–10^{-15} s; the ionosphere on a microsecond scale.,range,4e-16,s,0.3–0.5 fs (Al / Ag free-electron); Ag optical ~1 fs,high,value_si matches the Al–Ag free-electron band used on reflection. Ionospheric microseconds are the same rule at ~10^{17} lower density.,2026-08-17
plasma-frequency-cutoff:consistency_gap:underived-omega-p,plasma-frequency-cutoff,library/plasma-frequency-cutoff.md,consistency_gap,gap,speed,frequency,ωp=√(ne²/ε₀ m) is the measured clock. A closed mapping would say why the collective cycle time is 2π/ωp from node rules alone.,QSA takes measured ωp(n) as the clock specification; it does not derive that period from a more primitive node update.,open,Same class of gap as reflection taking λ/4πk as the buffer. Not a contradiction.,,,,"ωp(n) taken, not derived",medium,"File-level mapping remains High. Ag’s interband shift is a coarseness of the simplest clock=ωp statement, not a second gap class. Contrast photoelectric-threshold: collective n vs single-electron φ.",2026-08-17
plasma-frequency-cutoff:emergent_output:spectral-edge,plasma-frequency-cutoff,library/plasma-frequency-cutoff.md,emergent_output,output,output,dimensionless,"Below the edge, bulk reflectivity is high (polished Al ~90% in the visible; alkalis similarly metallic). Above it the bulk supports propagating modes and a previously opaque film transmits.","A material-typical plasma or interband edge: high R below, transmission above, at zero extra power.",envelope,"The synchronized electron gas emits a spectral gate, not a stored state.",approx,0.9,1,"R ~ 0.90 (Al, visible, below edge)",high,Bound-charge analogue of ω≫ωp is refraction-dielectric’s ε→1 X-ray limit.,2026-08-17
plasma-frequency-cutoff:energy_barrier:no-latch,plasma-frequency-cutoff,library/plasma-frequency-cutoff.md,energy_barrier,requirement,threshold,frequency,"Operating condition is ω<ωp (Al ℏωp≈15 eV; alkalis 3.8–5.7 eV) or, in Ag, ω below the interband-shifted optical edge ~3.9 eV. No continuous external power beyond the incident field.","Driven collective response, not a memory. ℏωp is an energy scale of the clock, not an activation barrier that holds a state.",envelope,"The window is a clock ceiling, not a latch barrier.",,,,ω < ωp (Ag: ℏω ≲ 3.9 eV); no latch,high,Do not identify Ag’s 3.9 eV optical edge with Ag φ ~4.3–4.7 eV (photoelectric-threshold).,2026-08-17
plasma-frequency-cutoff:failure_mode:above-omega-p,plasma-frequency-cutoff,library/plasma-frequency-cutoff.md,failure_mode,failure,speed,frequency,"Metals transmit when the drive exceeds the plasma (Al ℏωp≈15 eV, λp≈83 nm; Na 5.7 eV; K 3.8 eV) or Ag’s interband-shifted optical edge ~3.9 eV (~320 nm). Residual absorption remains; the cliff is loss of metallic reflection.",Drive faster than the collective screening clock → the population cannot finish a cycle in one period → transmission.,relabel,"This entry owns the ω>ωp collapse that reflection also lists. Same machine, failed by clock rather than thickness.",min,3600000000000000.0,Hz,ω > ωp (Al ~15 eV; Ag optical edge ~3.9 eV),high,"value_si is Al ωp/2π, as on reflection:above-plasma-edge. Al and alkalis are the clean test; Ag is interband-shifted.",2026-08-17
plasma-frequency-cutoff:failure_mode:ionospheric-hf,plasma-frequency-cutoff,library/plasma-frequency-cutoff.md,failure_mode,failure,speed,frequency,Ionospheric electron densities of order 10^{11}–10^{12} m^{-3} give plasma frequencies of a few to ~10 MHz. HF broadcast below that ceiling is returned; higher frequencies pass.,"Same ω>ωp gate in a dilute charged gas. Hardware is a column of free electrons, not a crystal.",relabel,"The ionosphere is the low-density instance of the same clock failure, ~10^{17} below metal n.",min,10000000.0,Hz,f ≳ few–10 MHz (ionosphere),high,value_si is the ~10 MHz ceiling.,2026-08-17
plasma-frequency-cutoff:hardware_scale:connected-film,plasma-frequency-cutoff,library/plasma-frequency-cutoff.md,hardware_scale,requirement,scale,length,A continuous stack on the order of the optical penetration depth (about 10–20 nm in Ag or Al). A discontinuous or ≲5–10 nm film never forms the collective response at any frequency.,"The cutoff is a property of an already-provisioned continuous metallic buffer. This entry owns the spectral collapse, not the thickness floor.",relabel,Same connected stack as reflection; starve the buffer and there is no plasma edge to fail.,range,1.5e-08,m,10–20 nm continuous (Ag/Al),high,Spatial starvation ≲5–10 nm is owned by reflection. Carrier densities that feed ωp: Al ~1.8e29 m^{-3}; Ag ~5.9e28; Na ~2.7e28.,2026-08-17
plasma-frequency-cutoff:hardware_scale:ionosphere-column,plasma-frequency-cutoff,library/plasma-frequency-cutoff.md,hardware_scale,requirement,capacity,other,Ionospheric electron densities of order 10^{11}–10^{12} m^{-3} — ~10^{17} lower than a metal (Al ~1.8e29 m^{-3}).,"The same clock rule runs in a dilute free-electron column. Hardware is density enough to set a radio-band ωp, not a 10–20 nm crystal stack.",envelope,"Dilute-plasma hardware is a charged column at 10^{11}–10^{12} m^{-3}, not a metallic film.",range,320000000000.0,m^{-3},n_e ~ 10^{11}–10^{12} m^{-3},high,value_si is the geometric mean of the quoted decade.,2026-08-17
pyroelectric-fusion:clock_latency:thermal-ramp,pyroelectric-fusion,library/pyroelectric-fusion.md,clock_latency,requirement,latency,time,Thermal ramp of the crystal (seconds). Fusion is prompt.,"Clock is the pyro ΔT ramp, not τμ.",envelope,Seconds-scale ramp clock.,,,,seconds (ramp),medium,,2026-08-17
pyroelectric-fusion:consistency_gap:not-mucf-not-lenr,pyroelectric-fusion,library/pyroelectric-fusion.md,consistency_gap,gap,output,other,No muon is required. A pulsed-coil hydride is not this accelerator.,Do not identify with μCF or with the EM-LENR cell.,open,"Polar-field beam gate, not a latch and not μCF.",,,,not μCF; not the hydride cell,high,,2026-08-17
pyroelectric-fusion:emergent_output:dd-neutrons,pyroelectric-fusion,library/pyroelectric-fusion.md,emergent_output,output,output,other,"2.45 MeV D–D neutrons per thermal cycle, yield class ~10^3–10^5 (apparatus-dependent).","Yield is a class, not a constant. Witness is the 2.45 MeV line.",envelope,D–D neutron burst per ramp.,,,,2.45 MeV n; 10^3–10^5 / cycle class,medium,,2026-08-17
pyroelectric-fusion:energy_barrier:beam-target,pyroelectric-fusion,library/pyroelectric-fusion.md,energy_barrier,requirement,threshold,e_field,~100 kV class pyro potential puts D in the tens-of-keV beam-target window. Lower potential collapses the D–D cross section.,"Stacked gates: pyro field, then ordinary D–D Coulomb barrier.",envelope,Tens-of-keV D beam opens D–D.,approx,100000.0,V,~100 kV class,medium,,2026-08-17
pyroelectric-fusion:failure_mode:no-field-or-no-d,pyroelectric-fusion,library/pyroelectric-fusion.md,failure_mode,failure,threshold,other,No ΔT ⇒ no pyro field ⇒ no neutrons. No deuterium ⇒ no D–D neutrons.,Missing field engine or missing D closes the channel.,relabel,No ramp or no D is the collapse.,,,,no ΔT or no D,high,,2026-08-17
pyroelectric-fusion:hardware_scale:crystal-plus-d,pyroelectric-fusion,library/pyroelectric-fusion.md,hardware_scale,requirement,scale,node_count,A pyroelectric crystal (LiTaO3 class) plus deuterium. Nuclear event is beam-target D–D.,Polar crystal is the field engine; D is the nuclear fuel. No muon required.,envelope,Pyro crystal + D is the hardware.,,,,polar crystal + D,high,,2026-08-17
quantum-hall-effect:clock_latency:cyclotron,quantum-hall-effect,library/quantum-hall-effect.md,clock_latency,requirement,speed,frequency,The cyclotron frequency ωc = eB/m is the field-set clock. ħωc is the Landau-level spacing. The Hall plateau is not itself a radiated frequency; it is a DC resistance that remains stable while that clock keeps the Landau ladder resolved against scattering and against kT.,The same eB/m combination that cyclotron-resonance reads as an absorption line is here the clock that keeps the gap resolved so a DC plateau can exist.,relabel,"QHE runs on a cyclotron clock; the output is a resistance plateau, not an absorption line.",,,,ωc = eB/m,high,"Cross-cite cyclotron-resonance, which owns the line.",2026-08-17
quantum-hall-effect:consistency_gap:underived-rk,quantum-hall-effect,library/quantum-hall-effect.md,consistency_gap,gap,output,other,"QSA takes RH = h/νe² from metrology. Filling ν = ns h/(eB) is bookkeeping, not a derivation of why RH equals that combination. Bulk gap plus edge path is the measured surviving hardware.","QSA does not obtain h/e² from a node-count or buffer rule, and it does not yet specify why current is expelled to the edge and why that forces RH onto RK/ν. Fractional plateaus are explicitly unmapped.",open,"The quantized Hall resistance is a universal output taken from metrology, not derived from node rules. That missing derivation is load-bearing.",,,,"h/e² taken, not derived",medium,"File-level mapping is Medium. Same class of gap as taking δ = λ/4πk as the mirror thickness, but here the output is a universal constant. No anyon or fractional-charge story is added.",2026-08-17
quantum-hall-effect:emergent_output:rk-plateau,quantum-hall-effect,library/quantum-hall-effect.md,emergent_output,output,output,other,"Quantized Hall resistance at integer plateaus: RH = h/(ν e²) = RK/ν, with the von Klitzing constant RK = h/e² ≈ 25812.807 Ω. On a plateau, Rxx → 0.","A Hall resistance locked to RK/ν together with a vanishing longitudinal resistance, while the 2DEG, the perpendicular field, the temperature, and the current remain inside the envelope.",relabel,The stable metrological output is RH = h/νe² with Rxx → 0.,eq,25812.807,ohm,RK = h/e²,high,Complementary lock to josephson-effect (2e/h). Fractional plateaus are a harder related case and are not the primary artifact.,2026-08-17
quantum-hall-effect:energy_barrier:landau-gap,quantum-hall-effect,library/quantum-hall-effect.md,energy_barrier,requirement,barrier,energy,Plateaus survive only while kT and the Hall electric field remain small compared with the gap that the Landau-level spacing (plus the sample's disorder-broadened mobility gap) sets. Graphene in a large perpendicular field can still show integer plateaus near room temperature — the same gap-versus-kT constraint.,The Landau-level (mobility) gap is the energy barrier that protects a plateau. The perpendicular-field condition is a field threshold that opens the gap; moving B so that ν sits between integers takes the system out of a gap.,envelope,A plateau is a gap-protected DC state: kT or a Hall field comparable to the gap collapses the quantization.,,,,"Landau / mobility gap ≫ kT, eEL",high,"Disorder that widens a plateau is a sample-dependent resource, analogous to pinning on type-ii-critical-field. Integer values of RH do not depend on closing it; the width of the flat region does.",2026-08-17
quantum-hall-effect:failure_mode:in-plane-b,quantum-hall-effect,library/quantum-hall-effect.md,failure_mode,failure,threshold,b_field,An in-plane field does not open this artifact. The field must be perpendicular to the plane.,Wrong field orientation is a hardware-gate failure: the Landau ladder of this machine does not open.,envelope,In-plane B is a non-occurrence of the integer quantum Hall machine.,,,,B in-plane,high,Distinct from moving a perpendicular B off a plateau.,2026-08-17
quantum-hall-effect:failure_mode:off-plateau,quantum-hall-effect,library/quantum-hall-effect.md,failure_mode,failure,threshold,b_field,"Moving the field off a plateau destroys the flatness and restores a finite Rxx. Off the plateau, Rxx is finite and RH is not flat. Plateaus are centred where ν = ns h/(eB) sits near an integer.","When ν is not in a gap, the protected edge-channel output is gone.",envelope,Off-integer filling is the field/filling collapse of the plateau.,,,,ν off integer / off gap,high,"Filling ν = ns h/(eB) locates the plateaus; it is bookkeeping, not a derivation of RH = h/νe².",2026-08-17
quantum-hall-effect:failure_mode:thermal-current,quantum-hall-effect,library/quantum-hall-effect.md,failure_mode,failure,threshold,temperature,Low temperature and modest current are required; raising either washes the plateaus out. The precise current and temperature at which a given sample leaves metrological flatness are medium (mobility- and geometry-dependent). Destroying the 2DEG (density or mobility collapsed) removes the integer ladder.,"Thermal population of adjacent levels, or Hall-field / current breakdown, collapses the gap protection. Buffer destruction is a coarser failure of the same machine.",envelope,High T or high current wash the plateaus out by overrunning the Landau/mobility gap.,,,,kT or Hall field vs gap,high,Graphene's high-temperature integer plateaus sit on the same gap-versus-kT clause and do not require a second family.,2026-08-17
quantum-hall-effect:hardware_scale:2deg,quantum-hall-effect,library/quantum-hall-effect.md,hardware_scale,requirement,scale,area,"Hardware window: a 2D electron system (Si inversion layer, GaAs/AlGaAs heterojunction, later graphene) plus a magnetic field perpendicular to the plane. A bulk 3D metal in the same B does not produce these plateaus. An in-plane field does not open this artifact.","A two-dimensional electron buffer plus a perpendicular field is the measured architecture. Once the field opens a gap in the bulk of the 2DEG, the surviving current path is along the edges. QSA records this layered hardware; it does not derive the edge path from node rules.",envelope,Integer quantum Hall plateaus need a 2DEG and a perpendicular field; a 3D metal is the wrong buffer.,,,,2DEG + B perpendicular,high,Magnetic length ℓB = √(ℏ/eB) is the in-plane spatial scale set by B; no universal nanometre number is quoted.,2026-08-17
quantum-point-contact:clock_latency:transit,quantum-point-contact,library/quantum-point-contact.md,clock_latency,requirement,latency,time,Fermi-velocity transit through the saddle. The staircase is DC.,Not a cyclotron clock and not a Hall plateau clock.,envelope,Transit clock; DC output.,,,,Fermi transit,high,,2026-08-17
quantum-point-contact:consistency_gap:not-qhe,quantum-point-contact,library/quantum-point-contact.md,consistency_gap,gap,output,other,"No perpendicular B is required. Output is two-terminal 2e²/h, not Hall h/νe². The 0.7 feature is out of scope.",Do not mint a tenth design that swallows QHE and QPC.,open,QPC is not QHE. 2e²/h is taken.,,,,no B; 2e²/h taken,medium,,2026-08-17
quantum-point-contact:emergent_output:two-e-squared-over-h,quantum-point-contact,library/quantum-point-contact.md,emergent_output,output,output,other,G = n × 2e²/h with 2e²/h ≈ 7.748e-5 S.,Taken Landauer output. Not RH = h/νe².,relabel,Two-terminal conductance steps at 2e²/h.,eq,7.748e-05,S,2e²/h,high,,2026-08-17
quantum-point-contact:energy_barrier:subband-edges,quantum-point-contact,library/quantum-point-contact.md,energy_barrier,requirement,barrier,energy,1D subband edges open one by one. Pinch-off closes the last mode. No pairing gap and no Landau gap.,Subband edges are the gates.,envelope,"Mode edges, not 2Δ and not ħωc.",,,,1D subband edges,high,,2026-08-17
quantum-point-contact:failure_mode:pinch-off,quantum-point-contact,library/quantum-point-contact.md,failure_mode,failure,threshold,other,Pinch-off gives G→0. High T or a dirty/long channel washes the steps.,"Last-mode close, thermal smear, or lost ballistic buffer collapse the staircase.",envelope,Pinch-off / T / mfp are the collapses.,,,,n=0 or steps smeared,high,,2026-08-17
quantum-point-contact:hardware_scale:ballistic-constriction,quantum-point-contact,library/quantum-point-contact.md,hardware_scale,requirement,scale,length,"Ballistic constriction of width ~ λF (tens of nm in a GaAs 2DEG), shorter than the mfp. No perpendicular B required.",1D saddle in a 2DEG is the buffer. A wide 3D metal is the wrong hardware.,envelope,QPC needs a ballistic ~λF constriction.,,,,width ~ λF; L < mfp,high,,2026-08-17
reflection:clock_latency:plasma-period,reflection,library/reflection.md,clock_latency,requirement,latency,time,Al ħωp ≈ 15 eV and Ag ħωp ≈ 9 eV give plasma periods ~0.3–0.5 fs. Single-electron streaking is attosecond.,Collective screening and the phase-reversed re-radiation complete on the plasma-period timescale.,relabel,The electron population must finish the reflection cycle in a few 10^-16 to 10^-15 s; the image is already complete on any macroscopic clock.,range,4e-16,s,0.3–0.5 fs,high,,2026-08-17
reflection:consistency_gap:underived-delta,reflection,library/reflection.md,consistency_gap,gap,scale,length,"The penetration depth is δ = λ/4πk, and k is itself an emergent optical constant of the same electrons.",QSA currently takes the measured penetration depth as the buffer specification; it does not derive that depth from a more primitive node count.,open,"The spatial buffer is located but not derived from node rules. That is a gap, not a contradiction.",,,,δ = λ/4πk taken,medium,File-level mapping remains High; this clause is the underived step.,2026-08-17
reflection:emergent_output:phase-reversed-R,reflection,library/reflection.md,emergent_output,output,output,dimensionless,Polished Ag reflects ≳95% in most of the visible; Al ~90%. No continuous external power to the metal beyond the incident field.,"Stable phase-reversed reflected beam with material-typical R(λ), at zero extra power.",envelope,The synchronized electron gas emits a macroscopic reflected beam without a hold-power budget.,approx,0.95,1,"R ≳ 0.95 (Ag, visible)",high,,2026-08-17
reflection:emergent_output:zero-extra-power,reflection,library/reflection.md,emergent_output,output,power,energy,No continuous external power is required to maintain the reflected image beyond the incident field itself.,Hold-power of the mirror is zero; the drive is the light being reflected.,relabel,The mirror is not a powered lamp. Continuous draw to hold R is zero.,eq,0.0,W,0 extra W,high,,2026-08-17
reflection:energy_barrier:no-latch,reflection,library/reflection.md,energy_barrier,requirement,threshold,frequency,Operating window is ω < ωp (or Ag’s interband edge) plus a continuous film at least one penetration depth thick.,"This is a driven collective response, not a memory. There is no static barrier holding a latched state.",envelope,"Reflection has an operating threshold on drive frequency and thickness, not an energy barrier that stores a written state.",,,,ω < ωp; continuous film ≳ δ,high,Negative latch spec: contrast with permanent-magnet-latch.,2026-08-17
reflection:failure_mode:above-plasma-edge,reflection,library/reflection.md,failure_mode,failure,speed,frequency,"Metals transmit when the drive exceeds the plasma (Al, alkalis) or the interband-shifted optical edge (Ag ~3.9 eV).",Drive faster than the collective screening clock → the population cannot finish a cycle in one period → transmission.,relabel,The same machine that fails by buffer starvation at low thickness fails by clock overrun above the plasma / interband edge.,min,3600000000000000.0,Hz,ω > ωp (Al ~15 eV; Ag optical edge ~3.9 eV),high,"Cross-cite plasma-frequency-cutoff, which owns this collapse as its primary artifact. value_si is Al ωp/2π order of magnitude.",2026-08-17
reflection:failure_mode:thin-film,reflection,library/reflection.md,failure_mode,failure,scale,length,"Below roughly 5–10 nm of continuous film, reflectivity collapses and transmission rises. Islanded films fail at any nominal thickness.",Spatial under-provisioning or a disconnected morphology starves the buffer and the mirror disappears.,envelope,The mirror dies when the connected node count falls below a few-nanometre continuity / penetration cliff.,max,1e-08,m,≲ 5–10 nm continuous,high,Percolation vs electromagnetic penetration are two routes to the same failure class.,2026-08-17
reflection:hardware_scale:connected-film,reflection,library/reflection.md,hardware_scale,requirement,scale,length,Optical penetration depth in continuous Ag/Al in the visible is about 10–20 nm.,A continuous metal stack of that depth (~40–85 atomic planes) is the minimum connected buffer for a stable collective reflected beam.,derived,Reflection requires a connected electron-gas volume on the order of the optical penetration depth; fewer planes starve the collective screening response.,range,1.5e-08,m,10–20 nm (~40–85 planes),high,Plane count derived from (111) spacing; the measured quantity is the nanometre threshold.,2026-08-17
refraction-dielectric:clock_latency:optical-cycle,refraction-dielectric,library/refraction-dielectric.md,clock_latency,requirement,latency,time,Electronic polarization follows the optical cycle (visible period ~2 fs). Ionic and orientational channels drop out as the drive frequency is raised; optical n is then smaller than the static index in polar media.,The bound-charge population must track the optical cycle. Channels slower than the drive fall out of the synchronized response. Drive well above the electronic resonances leaves n≈1.,relabel,Visible electronic refraction completes on a ~2 fs cycle; slower polarization channels are already off the clock.,approx,2e-15,s,~2 fs (visible period),high,Water is the split-channel example: static ε_r≈80 vs optical ε≈n²≈1.78.,2026-08-17
refraction-dielectric:consistency_gap:underived-n,refraction-dielectric,library/refraction-dielectric.md,consistency_gap,gap,output,dimensionless,Clausius–Mossotti / Lorentz–Lorenz relate (ε_r−1)/(ε_r+2) and (n²−1)/(n²+2) to Nα. They do not derive α from node rules. There is no single measured buffer length at which refraction appears.,QSA takes tabulated n(ω) and the X-ray δ as the contrast specification.,open,"Contrast is located as Nα but α is not derived. That is a gap, not a contradiction.",,,,"n(ω), δ taken; α underived",medium,File-level mapping remains Medium.,2026-08-17
refraction-dielectric:emergent_output:snell-n,refraction-dielectric,library/refraction-dielectric.md,emergent_output,output,output,dimensionless,Sodium-D / nearby visible: water n≈1.333; fused silica n≈1.458; typical crown glass n≈1.52; diamond n≈2.42; dry air n≈1.0003. Optical dielectric constant tracks n².,"A stable, material- and frequency-specific n(ω) and the macroscopic Snell kink from synchronized bound-charge polarization.",relabel,The synchronized bound-charge population emits a tabulated n(ω) and a ray bend.,range,1.52,1,n≈1.33–2.42 (visible dielectrics; air 1.0003),high,value_si is the crown-glass class. total-internal-reflection is the geometry/index gate on this same n.,2026-08-17
refraction-dielectric:emergent_output:zero-extra-power,refraction-dielectric,library/refraction-dielectric.md,emergent_output,output,power,energy,The dielectric itself draws no continuous power.,Hold-power of the refracting slab is zero; the drive is the incident field.,relabel,Continuous draw to hold n is zero.,eq,0.0,W,0 extra W,high,,2026-08-17
refraction-dielectric:energy_barrier:no-latch,refraction-dielectric,library/refraction-dielectric.md,energy_barrier,requirement,threshold,e_field,Zero continuous power and no stored directional state. Dry air at STP breaks down near 3e6 V/m; solids typically 1e7–1e8 V/m. Breakdown ends the insulating window.,"Driven collective response, not a memory. The high-field edge is a different machine class (dielectric-breakdown), not a sharper location of n.",envelope,"Refraction has an operating window, not an energy barrier that stores a written state.",,,,no latch; Ebd is a different family,high,Cross-cite dielectric-breakdown. Do not file breakdown as the refraction cliff.,2026-08-17
refraction-dielectric:failure_mode:epsilon-to-one,refraction-dielectric,library/refraction-dielectric.md,failure_mode,failure,threshold,dimensionless,Above the electronic resonances the remaining real index is n=1−δ with δ typically 10^{-6}–10^{-5} for condensed matter at a few keV. A geometric Snell bend is then no longer a laboratory-scale fact. Vacuum is N=0. n1=n2 gives no interface kink.,"ε→1 (X-ray, vacuum, or drive above the electronic resonances) starves contrast → the ray kink disappears.",envelope,"The load-bearing spectral/density collapse is n−1→0, not a film-thickness cliff.",max,3.2e-06,1,δ ~ 10^{-6}–10^{-5} (few keV); n−1→0,high,value_si is the geometric mean of the quoted δ decade. X-ray n<1 grazing total external reflection is the same kinematic gate as TIR with inverted contrast; geometry owned by total-internal-reflection. Free-electron analogue is plasma-frequency-cutoff (ω≫ωp).,2026-08-17
refraction-dielectric:failure_mode:sub-wavelength-path,refraction-dielectric,library/refraction-dielectric.md,failure_mode,failure,scale,length,"Path through the contrast region ≪ λ yields a fringe-level phase shift 2π(n−1)d/λ, not a geometric ray.",Spatial under-provisioning of path converts the Snell kink into a phase plate.,envelope,"A too-short path is a spatial failure of the ray output, not a missing polarizable volume.",max,,,path ≪ λ,high,,2026-08-17
refraction-dielectric:hardware_scale:path-wavelength,refraction-dielectric,library/refraction-dielectric.md,hardware_scale,requirement,scale,length,"A geometric Snell bend requires a path through the contrast region of order a wavelength or longer. A much thinner slab is a phase plate, 2π(n−1)d/λ. There is no single millimetre cliff.","Hardware is a polarizable bound-charge volume plus a path long enough for accumulated phase to become a wavefront tilt. Vacuum (N=0) and X-ray δ→0 are under-provisioned contrast, not a missing metal stack.",envelope,Refraction has no few-tens-of-nm connected-metal floor. The spatial spec is path ≳ λ through nonzero contrast.,,,,path ≳ λ; no single nm/mm cliff,medium,Contrast with reflection’s 10–20 nm Ag/Al stack. A thick dielectric can still show n−1≈0 if the nodes supply no contrast at that frequency.,2026-08-17
semiconductor-gap-absorption:clock_latency:optical-cycle,semiconductor-gap-absorption,library/semiconductor-gap-absorption.md,clock_latency,requirement,latency,time,The optical cycle and the interband polarization response sit in the femtosecond neighbourhood of visible / near-IR light.,"Relative to any laboratory shutter the conversion, when allowed, is already complete.",envelope,Interband conversion latency sits in the femtosecond optical-cycle neighbourhood.,approx,1e-15,s,femtosecond neighbourhood,high,,2026-08-17
semiconductor-gap-absorption:clock_latency:phonon-assist,semiconductor-gap-absorption,library/semiconductor-gap-absorption.md,clock_latency,requirement,latency,other,"Indirect-gap edges (Si, Ge, diamond) rise more slowly: the conversion also consumes or emits a phonon. Direct gaps (GaAs) open with the photon alone.","Indirect conversion needs a lattice-clock resource just above threshold. That is an extra resource on the same Eg gate, not a second family.",envelope,"The slower rise of α in Si and Ge is a phonon-clock requirement, not a different collapse energy.",,,,photon + phonon (indirect),high,No ħω_ph number is given. A frozen lattice with no phonon occupancy would starve the indirect channel at threshold.,2026-08-17
semiconductor-gap-absorption:consistency_gap:underived-eg,semiconductor-gap-absorption,library/semiconductor-gap-absorption.md,consistency_gap,gap,threshold,energy,"QSA here takes the measured Eg as the specification. Urbach tails and excitons are recorded as measured softness, not extra mechanisms.",No derivation of why a given crystal has the gap it has from node rules alone. The collapse hν < Eg does not depend on that derivation.,open,The gate is located; its value is not derived from node rules.,,,,"Eg taken, not derived",medium,File-level mapping remains High; this clause is the underived step.,2026-08-17
semiconductor-gap-absorption:emergent_output:absorption-edge,semiconductor-gap-absorption,library/semiconductor-gap-absorption.md,emergent_output,output,output,energy,A material-typical absorption edge and the associated split between a transmitting window and an opaque band. Ordinary wafers are optically thick in the visible once above Eg.,"Stable spectral split — window below Eg, opacity above — whenever a photon population is presented to an intact gapped lattice.",relabel,"The machine’s stable product is a crystal-typical absorption edge, not a stored state.",approx,1.794e-19,J,Eg (Si 1.12 eV class),high,,2026-08-17
semiconductor-gap-absorption:energy_barrier:gap,semiconductor-gap-absorption,library/semiconductor-gap-absorption.md,energy_barrier,requirement,threshold,energy,Room-temperature gaps (300 K): Si Eg ≈ 1.12 eV (indirect); Ge ≈ 0.66 eV; GaAs ≈ 1.42 eV (direct); diamond ~5.5 eV.,Eg is the load-bearing gate. Direct gaps open with the photon alone; indirect with photon plus phonon. Temperature moves Eg; it does not replace it.,relabel,Gap absorption is a photoelectric-class energy gate relocated into a bulk crystal.,approx,1.794e-19,J,Si Eg ≈ 1.12 eV (300 K); Ge 0.66; GaAs 1.42; diamond ~5.5,high,value_si is Si at 300 K. Photoconductivity must share this collapse energy. Low-T limits sit higher by tens to ~100 meV.,2026-08-17
semiconductor-gap-absorption:failure_mode:lattice-disorder,semiconductor-gap-absorption,library/semiconductor-gap-absorption.md,failure_mode,failure,barrier,other,The edge is a property of the intact crystal: melting or amorphizing the lattice destroys the sharp crystalline edge.,Loss of crystalline order washes the sharp edge into a smeared amorphous spectrum.,envelope,"Destroy the periodic grid and the gate’s sharp location goes with it. Lattice-resource failure, not a change of family.",,,,melt / amorphize / heavy damage,high,,2026-08-17
semiconductor-gap-absorption:failure_mode:under-threshold,semiconductor-gap-absorption,library/semiconductor-gap-absorption.md,failure_mode,failure,threshold,energy,"Below Eg the crystal has a transparency window. Below-threshold light is refracted and, at most, weakly attenuated by processes that are not interband conversion.",Under-threshold input is the non-occurrence of the conversion. That is the collapse of the effect.,relabel,Below Eg the interband gate stays shut.,max,1.794e-19,J,hν < Eg,high,"Urbach tails and excitons are softness of the same gate, not a second channel. Free-carrier/impurity absorption can hide the window without opening this conversion.",2026-08-17
semiconductor-gap-absorption:hardware_scale:unit-cell,semiconductor-gap-absorption,library/semiconductor-gap-absorption.md,hardware_scale,requirement,scale,node_count,The gate is a property of the periodic lattice: a filled valence band and an empty conduction band separated by Eg. A single unit cell already carries the gap; macroscopic opacity is the summed conversion over an optical path of order 1/α.,"Hardware is a gapped lattice, not a surface φ and not a collective optical buffer. Destroying crystalline order removes the sharp edge.",envelope,"One unit cell carries Eg. Path length sets how much light is converted, not whether the gate exists.",min,1.0,1,N ≥ 1 unit cell; path ~ 1/α,high,No numerical 1/α is given; do not invent an absorption length.,2026-08-17
shape-anisotropy:clock_latency:larmor,shape-anisotropy,library/shape-anisotropy.md,clock_latency,requirement,speed,frequency,Same magnetic clocks as the parent latch: precession at ≈ 28 GHz/T; write latency set by the field sweep and by reversal mode (coherent rotation vs curling / buckling in real needles).,Geometry changes the barrier; it does not invent a new carrier frequency.,relabel,The shape latch uses the same 28 GHz/T precession clock as the crystal-K1 latch.,approx,28000000000.0,Hz/T,≈ 28 GHz/T,high,"File quotes ≈ 28 GHz T^{-1}, not the 28.025 figure of the parent latch.",2026-08-17
shape-anisotropy:consistency_gap:nonuniform-hc,shape-anisotropy,library/shape-anisotropy.md,consistency_gap,gap,threshold,b_field,"Uniform-ellipsoid N is an idealization. Real precipitates, lithographed bits, and films have nonuniform magnetization and stray-field concentrations at corners.",Those corrections change the numerical switching field (the same mesoscale Hc gap as on the hysteresis file). They do not remove the aspect-ratio → 1 collapse.,open,Switching-field numbers remain mesoscale; the ΔN = 0 collapse does not depend on closing them.,,,,H_c ≠ H_K of the ideal ellipsoid,medium,File-level mapping remains High. This entry owns the ΔN term only; shape and crystal anisotropy add when both are present.,2026-08-17
shape-anisotropy:emergent_output:long-axis-remanence,shape-anisotropy,library/shape-anisotropy.md,emergent_output,output,output,dimensionless,"A strongly elongated particle remains magnetized along its long axis after the field is removed, even when K1 is small. Thin films of soft magnets lie in-plane unless a perpendicular crystal anisotropy exceeds the film demag term.","Stable output is a uniaxial remanent direction locked to the long axis (or to the film plane), without a large magnetocrystalline K1.",envelope,The geometry barrier emits long-axis (or in-plane) remanence at zero hold-power.,,,,M locked to long axis / film plane,high,Perpendicular remanence appears only when a crystal or interface K exceeds ≈ (μ0/2)Ms².,2026-08-17
shape-anisotropy:emergent_output:zero-hold-power,shape-anisotropy,library/shape-anisotropy.md,emergent_output,output,power,energy,Holding the long-axis remanent state costs zero continuous power. Energy is spent to rotate M off the long axis (hard-axis or switching field of order HK ~ Ms ΔN).,"Stable long-axis remanence at zero continuous power, without a large K1.",relabel,Holding the shape latch costs zero watts.,eq,0.0,W,0 W hold,high,,2026-08-17
shape-anisotropy:energy_barrier:magnetostatic,shape-anisotropy,library/shape-anisotropy.md,energy_barrier,requirement,barrier,energy,Magnetostatic energy-density scale (μ0/2)Ms² is of order 1–2 MJ/m³ in Fe (μ0 Ms ≈ 2.15 T). Kshape = (μ0/2) Ms² (Nt − Nl). Soft iron K1 is only ~10^4 J/m³ class.,The barrier is magnetostatic and geometric. No large K1 is required. Holding the long-axis remanent state costs zero continuous power.,envelope,Shape alone can latch a high-Ms needle because the magnetostatic density matches a hard-magnet K1.,range,1500000.0,J/m^3,1–2 MJ m^{-3} in Fe; K_shape = (μ0/2) M_s^2 ΔN,high,Ni’s scale is several times smaller (μ0 Ms ≈ 0.6 T). value_si is the mid-class Fe magnetostatic density.,2026-08-17
shape-anisotropy:failure_mode:aspect-ratio,shape-anisotropy,library/shape-anisotropy.md,failure_mode,failure,scale,dimensionless,Collapse of the geometry barrier: aspect ratio → 1 (sphere / cube class) ⇒ ΔN → 0. Needles and thin plates are the opposite limit.,Isotropic shape removes the latch even at large volume and high Ms. This is the defining collapse.,relabel,"A sphere or cube has no shape latch; ΔN = 0 is a sharp, checkable failure.",eq,0.0,1,ΔN → 0 as aspect ratio → 1,high,Alnico-class magnets sit on this file; sintered NdFeB does not need shape because its K1 already exceeds the magnetostatic scale.,2026-08-17
shape-anisotropy:failure_mode:ms-collapse,shape-anisotropy,library/shape-anisotropy.md,failure_mode,failure,threshold,b_field,"Ms → 0 (T > Tc, or a weak moment) → magnetostatic scale collapses even for a needle. Fe μ0 Ms ≈ 2.15 T; Ni ≈ 0.6 T.",The geometry barrier is proportional to Ms². Lose the moment and the needle stops being a latch.,envelope,"Shape anisotropy dies with Ms, whether by Curie collapse or by a weak-moment material.",approx,2.15,T,μ0 M_s ≈ 2.15 T (Fe); barrier ~ M_s^2,high,Thermal volume clause Kshape V ≳ 25 kT is the same form as superparamagnetism with K = Kshape.,2026-08-17
shape-anisotropy:hardware_scale:nonzero-delta-n,shape-anisotropy,library/shape-anisotropy.md,hardware_scale,requirement,scale,dimensionless,"Demagnetizing factors of a uniformly magnetized ellipsoid: Nx+Ny+Nz = 1. Sphere: N = 1/3 on every axis, so ΔN = 0. Infinite needle: Nt−Nl → 1/2. Thin film: N⊥ → 1, N∥ → 0.",The latch cell is a ferromagnetic body with nonzero ΔN whose volume still satisfies Kshape V ≳ 25 kT. A sphere has no geometry barrier at any size.,relabel,"Shape latch hardware is an anisotropic body (needle or plate), not a unit cell and not a sphere.",min,,1,ΔN > 0 (needle ΔN → 1/2; sphere ΔN = 0),high,The particle or precipitate is the cell. A needle still fails if Kshape V cannot beat kT.,2026-08-17
skin-effect:clock_latency:magnetic-diffusion,skin-effect,library/skin-effect.md,clock_latency,requirement,speed,frequency,The same free-electron population that screens optically on a plasma-period (femtosecond) scale screens a 60 Hz field over millimetres. Raising ω shrinks δ. ω→0 sends δ→∞.,"The low-frequency clock constraint is magnetic diffusion / charge relaxation across the conductor, set by measured σ and μ.",envelope,"Skin is the same screening machine as reflection, run in the magnetic-diffusion band rather than on the plasma period.",approx,60.0,Hz,60 Hz class (power); δ shrinks as ω rises,high,"Cross-cite reflection (optical plasma period) and plasma-frequency-cutoff (high-frequency end). 60 Hz is the handbook operating point, not a universal clock cliff.",2026-08-17
skin-effect:consistency_gap:underived-sqrt-delta,skin-effect,library/skin-effect.md,consistency_gap,gap,scale,length,QSA takes δ=√(2/ωμσ) as the buffer specification. It does not derive the square-root from a more primitive node count.,"The spatial buffer is located (classical δ, under local Ohm) but not derived from node rules.",open,"Same class of gap as reflection taking λ/4πk: the length is measured, then used as the hardware spec.",,,,δ=√(2/ωμσ) taken,medium,File-level mapping remains High.,2026-08-17
skin-effect:emergent_output:ac-confinement,skin-effect,library/skin-effect.md,emergent_output,output,output,length,AC current is confined to a surface layer; AC resistance of a wire rises once a is no longer ≪δ. In the thick limit the effective cross-section is a ring of thickness ~δ.,"Frequency-dependent confinement of AC current, and the associated rise in AC resistance, from collective screening.",relabel,The synchronized electron gas emits a screened interior and a δ-thick current sheet.,approx,0.0085,m,confinement to ~δ (Cu 8.5 mm at 60 Hz),high,cyclotron-resonance (Azbel–Kaner) uses this skin layer as the only volume the microwave field occupies.,2026-08-17
skin-effect:energy_barrier:no-latch,skin-effect,library/skin-effect.md,energy_barrier,requirement,threshold,energy,The metal requires no auxiliary power beyond the current itself.,"Driven dissipative response, not a latch and not a gapped condensate. No static barrier holds a screened interior.",relabel,"Skin has an operating window on ω and thickness, not an energy barrier that stores a written state.",,,,no latch,high,Meissner replaces this dissipative skin with a static London depth — different family.,2026-08-17
skin-effect:failure_mode:anomalous-mfp,skin-effect,library/skin-effect.md,failure_mode,failure,scale,length,"Classical δ assumes ℓ≪δ. When ℓ≳δ (high-purity cryogenic metals, microwave/radio) the local-σ length ceases to be the right buffer. Extreme anomalous scaling is δ∼ω^{-1/3}.",Mean-free-path over-run takes the machine out of the classical-δ specification into a different operating length.,envelope,"Anomalous skin is a local-response failure of the classical buffer, not a second millimetre cliff.",min,,,ℓ ≳ δ,high,"Numerical ℓ of any one sample is medium (purity/T). Keep classical, anomalous, and optical lengths distinct.",2026-08-17
skin-effect:failure_mode:dc-fill,skin-effect,library/skin-effect.md,failure_mode,failure,speed,frequency,ω→0 sends δ→∞: DC current is uniform across the cross-section.,Drive slower than the diffusion clock of any laboratory conductor → the skin/core contrast disappears.,envelope,"The low-frequency collapse is uniform fill. Same machine as reflection, failed by a too-slow clock rather than a too-fast one.",,0.0,Hz,ω → 0,high,Twin of plasma-frequency-cutoff: that entry owns ω>ωp; this entry owns ω→0.,2026-08-17
skin-effect:failure_mode:thin-conductor,skin-effect,library/skin-effect.md,failure_mode,failure,scale,length,A conductor whose radius or half-thickness a≪δ is an AC conductor with no skin/core contrast — the whole cross-section participates.,Spatial under-provisioning relative to δ: the responding node count occupies the entire cross-section and the macroscopic skin is absent.,envelope,"The spatial twin of reflection’s thin-film cliff, written against classical δ rather than optical λ/4πk.",max,,,a ≪ δ(ω),high,At 60 Hz in Cu the comparison length is 8.5 mm; at 1 GHz it is 2 μm. Cross-cite reflection for the optical 5–10 nm floor.,2026-08-17
skin-effect:hardware_scale:screening-delta,skin-effect,library/skin-effect.md,hardware_scale,requirement,scale,length,Room-temperature copper (σ≈5.8e7 S/m): δ≈8.5 mm at 60 Hz; 2.1 mm at 1 kHz; 66 μm at 1 MHz; 2 μm at 1 GHz. Classical δ=1/√(π f μ σ).,"A conducting volume at least of order δ thick is required before a distinct screened interior exists. The buffer is the screening length, not a fixed millimetre.",envelope,Skin hardware is thickness ≳ δ(ω). The same metal is millimetres at power frequency and micrometres at radio frequency.,range,0.0085,m,"δ≈8.5 mm (Cu, 60 Hz) … 2 μm (1 GHz)",high,value_si is the 60 Hz Cu handbook edge. Optical λ/4πk (~10–20 nm) is owned by reflection; London λ by meissner. Do not collapse the four lengths.,2026-08-17
speed-of-sound:clock_latency:long-wave-slope,speed-of-sound,library/speed-of-sound.md,clock_latency,requirement,speed,other,"Measured long-wave structure: v_s = √(C/ρ). Dry air at 20 °C, 1 atm: ≈ 343 m s⁻¹. Liquid water near 20 °C: ≈ 1480 m s⁻¹. Common steels, longitudinal: ≈ 5000–6000 m s⁻¹. Crystalline solids as a class sit in the kilometres-per-second range.",The long-wave clock speed is the q→0 slope of the acoustic branch on the same grid phonon-dispersion maps at finite q. No single v_s is universal.,envelope,"Sound speed is the material-typical √(C/ρ) slope, not a universal constant.",,,m/s,v_s = √(C/ρ); air ~343 m/s; water ~1480 m/s; steels 5–6 km/s,high,"value_si left null: the file lists class examples, not one pin. Air tracks √(γRT/M) with γ ≈ 1.4; water does not follow that gas law.",2026-08-17
speed-of-sound:clock_latency:transit,speed-of-sound,library/speed-of-sound.md,clock_latency,requirement,latency,time,"Transit time on a path L is t = L/v_s. Relative to a human clock a laboratory path is still delayed: milliseconds in air across a room, microseconds in a metal bar of similar length. That clock is orders of magnitude slower than the zone-boundary / Debye clock of the same solid (terahertz class).","The macroscopic acoustic clock is the transit L/v_s and the period λ/v_s, not the Debye ceiling.",envelope,A laboratory path is a millisecond (air) or microsecond (metal) delay; the same solid’s zone-boundary clock is THz.,,,s,t = L/v_s; ~ms in air across a room; ~µs in a metal bar,high,Not a single material pin. Cross-cite debye-cutoff for the short-wave ceiling.,2026-08-17
speed-of-sound:consistency_gap:underived-moduli,speed-of-sound,library/speed-of-sound.md,consistency_gap,gap,output,other,"A closed mapping would say why a given solid has the C it has, from node-spring rules, rather than taking handbook moduli as input. The speed measurement does not depend on closing it.",QSA takes measured C and ρ and reads v_s = √(C/ρ). It does not derive the moduli from node springs.,open,The slope is located; the springs that set C are not derived here. Same gap as elasticity.,,,,"C, ρ taken; v_s = √(C/ρ)",medium,"File-level mapping remains High. Ideal-gas air and condensed water share the Newton–Laplace form on different hardware; ideal-gas-pressure owns the wall force, not this slope.",2026-08-17
speed-of-sound:emergent_output:material-vs,speed-of-sound,library/speed-of-sound.md,emergent_output,output,output,other,"A material-typical, frequency-independent (long-wave) pair {v_L, v_T} in a solid, or a single v_L in a fluid. Examples: air ≈ 343 m s⁻¹; water ≈ 1480 m s⁻¹; steels 5000–6000 m s⁻¹.",The synchronized long-wavelength output of the coupled mechanical population is that material-typical slope set.,envelope,"The machine emits a handbook v_s class, not one universal speed.",,,m/s,"{v_L, v_T} solid; v_L fluid (air ~343 m/s; steels km/s)",high,"Same springs as elasticity, read as a slope. qa ~ 1 moves the mode onto the phonon-dispersion curve.",2026-08-17
speed-of-sound:energy_barrier:no-latch,speed-of-sound,library/speed-of-sound.md,energy_barrier,requirement,threshold,other,"The operating condition is a finite restoring modulus (bulk, and shear if a shear wave is claimed) plus a density. The wave is a launched collective oscillation, not a memory.",No latched barrier. Presence of C and ρ provisions the slope; holding a sound field is not a zero-power memory.,envelope,"Sound is a driven collective oscillation of coupled nodes, not a stored directional state.",,,,finite C and ρ; no latch,high,,2026-08-17
speed-of-sound:failure_mode:no-shear-fluid,speed-of-sound,library/speed-of-sound.md,failure_mode,failure,threshold,other,"Shear (transverse) sound exists in solids. It is absent as a propagating mode in liquids and gases at ordinary acoustic frequencies, where the shear modulus G = 0. Melting of a crystal is the same shear-branch collapse.",G = 0 means the shear restoring couplings are not provisioned. The compressional branch can remain.,relabel,"No shear modulus, no shear wave. Melting is that collapse of the solid’s shear branch.",eq,0.0,Pa,G = 0 → no shear wave (fluids; melt),high,"Cross-cite melting. Dissipative attenuation is a different, non-modulus cliff.",2026-08-17
speed-of-sound:failure_mode:vacuum,speed-of-sound,library/speed-of-sound.md,failure_mode,failure,scale,node_count,"A vacuum has no coupled mechanical medium: v_s is undefined there, not a small number. A density so low that couplings do not form a collective wave on the path also produces no sound.","No nodes, no wave. Vacuum is missing hardware, not a limiting speed of zero.",relabel,Sound dies when the coupled medium is absent. v_s is undefined in vacuum.,,,,vacuum: v_s undefined,high,,2026-08-17
speed-of-sound:hardware_scale:coupled-medium,speed-of-sound,library/speed-of-sound.md,hardware_scale,requirement,scale,node_count,The continuum slope is stable only for λ ≫ a (lattice constant or mean spacing). A vacuum has no coupled mechanical medium. A fluid has compressional couplings and no shear restoring couplings.,"Hardware is a coupled mechanical population with many nodes per wavelength, plus the relevant restoring modulus. There is no single nanometre-scale thickness cliff.",envelope,Sound requires a medium and the modulus that provisions the claimed branch. Vacuum has no nodes; fluids do not provision shear.,,,,λ ≫ a; medium + modulus; no nm cliff,high,,2026-08-17
stefan-boltzmann:clock_latency:inherited-average,stefan-boltzmann,library/stefan-boltzmann.md,clock_latency,requirement,latency,time,No separate clock beyond the wall-equilibration window and the spectral content already fixed by kT/h. The T^4 law is a time-averaged power.,"A detector faster than the wall exchange, or a surface whose T is not itself stable, does not report σT^4.",envelope,The T^4 reading inherits the wall averaging window and the spectral clock of the Planck curve.,,,,wall-exchange window; kT/h,medium,Clock inherited from blackbody-spectrum and thermal-equilibrium-temperature. k and h are defined.,2026-08-17
stefan-boltzmann:consistency_gap:defined-sigma,stefan-boltzmann,library/stefan-boltzmann.md,consistency_gap,gap,power,other,σ = 2π^5 k^4/(15 c^2 h^3) is a combination of defined constants. Finite-size corrections confirm that area and λ_max are the spatial resources and do not yield a single universal area.,"The mapping’s job is the T^4 envelope and its failures, not a re-derivation of the prefactor.",open,σ is defined; no universal radiating area is extracted. That is inherited from the spectrum entry.,,,,σ defined; no universal area,medium,"File-level mapping is Medium. Thermionic emission from the same hot surface is a charged-particle gate, not this photon-current integral.",2026-08-17
stefan-boltzmann:emergent_output:t4-law,stefan-boltzmann,library/stefan-boltzmann.md,emergent_output,output,power,other,A hot black surface radiates a hemispherical exitance j = εσT^4. Doubling T multiplies the exitance by sixteen.,The T^4 exitance is the power-meter reading of a black thermal surface — the frequency integral of the Planck curve.,relabel,Relabel the T^4 law as the integrated output of the thermal electromagnetic population. The prefactor is not a QSA extraction.,,,,j = εσT^4,high,"σ = 5.670374e-8 W m^{-2} K^{-4} is defined from h, k, and c. Extracting σ as an independent machine constant would double-count those defined constants.",2026-08-17
stefan-boltzmann:energy_barrier:no-latch,stefan-boltzmann,library/stefan-boltzmann.md,energy_barrier,requirement,threshold,dimensionless,"None holding a latched state. A high-reflectivity metal is a resource failure of the black boundary condition (ε collapsed), not a stored configuration.","Low ε is not a memory. The operating condition is a black (or grey) surface, not a barrier.",envelope,"Stefan–Boltzmann has a black-boundary operating condition, not an energy barrier that stores a state.",,,,no latch; black boundary condition,medium,Cross-cite reflection.,2026-08-17
stefan-boltzmann:failure_mode:non-black,stefan-boltzmann,library/stefan-boltzmann.md,failure_mode,failure,output,dimensionless,Surface not black (ε(ν)≠1 across the Wien band) → reduced or non-T^4 output. A grey surface still follows T^4 with a reduced prefactor; a selective surface does not.,"The extra collapse of the integral is a boundary-condition failure of the same electromagnetic population, not a new machine.",envelope,Non-black or selective surfaces take the power meter off σT^4.,,,,ε(ν) ≠ 1 on Wien band,high,The same surface can be nearly black in the thermal infrared and reflective in the visible.,2026-08-17
stefan-boltzmann:failure_mode:small-object,stefan-boltzmann,library/stefan-boltzmann.md,failure_mode,failure,scale,length,"Object or cavity not large compared with λ_max(T), or modes under-populated → the integral of a non-Planck spectrum is not σT^4. Finite-size / diffraction corrections appear in that regime.","Area and λ_max are the spatial resources of the integral, for the same reason a sparse cavity leaves the Planck curve.",envelope,Undersized radiators fall off the T^4 envelope.,,,,size ≲ λ_max(T),medium,Cross-cite blackbody-spectrum. No universal area is attached.,2026-08-17
stefan-boltzmann:failure_mode:t-to-zero,stefan-boltzmann,library/stefan-boltzmann.md,failure_mode,failure,threshold,temperature,As T→0 the radiated power vanishes into the instrument floor. Net exchange between two black surfaces is σ(T1^4−T2^4).,Shrink the thermal resource and the photon current disappears. An undefined wall T is the same inherited collapse as the temperature entry.,envelope,"T→0, or an unstable wall T, kills the T^4 reading.",,,,T → 0 ⇒ j → 0,high,"At 300 K, σT^4 ≈ 459 W m^{-2} is arithmetic from defined σ, not a machine number.",2026-08-17
stefan-boltzmann:hardware_scale:black-and-large,stefan-boltzmann,library/stefan-boltzmann.md,hardware_scale,requirement,scale,area,"The surface must present ε≈1 across the Wien band, and the radiating object must be large compared with λ_max(T), or the output is not σT^4. There is no single universal size cliff; the required area tracks T.","Same statistical electromagnetic population as the blackbody spectrum, now read as one integrated current. Small or few-mode objects fall off the T^4 envelope for the same reason a sparse cavity falls off the Planck curve.",envelope,"The hardware is a black-enough, large-enough radiator. No universal area is extracted.",,,,ε≈1 on Wien band; size ≳ λ_max(T); no universal area,medium,"At 300 K, λ_max ∼ 10 μm. Finite-size and near-field corrections are real; they do not yield a single area number.",2026-08-17
superconductivity:clock_latency:gap-frequency,superconductivity,library/superconductivity.md,clock_latency,requirement,speed,frequency,The spectroscopic gap sets a frequency scale 2Δ/h of order 10^11 Hz for conventional metals (Δ in meV) and higher in cuprates. AC dissipation rises as the drive approaches that scale.,DC zero resistance is the ω→0 output of a gapped condensate that still has an internal clock at 2Δ/h.,envelope,The condensate clock sits near 10^11 Hz in conventional metals; laboratory DC is already slow compared with that scale.,approx,100000000000.0,Hz,2Δ/h ~ 10^11 Hz (conventional),high,Cuprate gaps sit higher. This is not a voltage-standard lock; that lives on josephson-effect.,2026-08-17
superconductivity:consistency_gap:pinning-and-xi,superconductivity,library/superconductivity.md,consistency_gap,gap,scale,length,The coherence length spans three orders of magnitude across materials. Vortex pinning — the mesoscale reason R=0 can outlive complete expulsion — is not specified by Tc or Δ alone.,"QSA does not have a single buffer number for the condensate, and it does not yet have a buffer/barrier specification for the pinning step that protects R=0 after Meissner has failed.",open,The T/H/I collapses are located; hardware identity and mixed-state pinning are recorded as gaps rather than filled.,,,,no single ξ; pinning unspecified,medium,File-level mapping is Medium for these two gaps. This entry does not assert a pairing mechanism.,2026-08-17
superconductivity:emergent_output:zero-resistance,superconductivity,library/superconductivity.md,emergent_output,output,output,other,Below Tc the DC electrical resistance falls below the instrument floor. A closed superconducting loop carries a persistent current for years with no measurable decay and no continuous voltage.,"Stable R=0 transport, and a persistent loop current at zero continuous voltage, inside the T / H / I envelope.",relabel,Superconductivity owns the R=0 artifact. Holding a persistent current costs zero continuous voltage.,eq,0.0,ohm,R = 0,high,Split rule: meissner owns field expulsion / λ. Fluxoid integer is owned by flux-quantization.,2026-08-17
superconductivity:energy_barrier:spectroscopic-gap,superconductivity,library/superconductivity.md,energy_barrier,requirement,barrier,dimensionless,Tunneling and infrared absorption show a threshold 2Δ(T) that closes as T→Tc. The weak-coupling BCS ratio 2Δ(0)/kTc ≈ 3.52 is a fit to many conventional superconductors (Al close; Pb ~4.3).,"2Δ is the energy threshold that suppresses ordinary quasiparticle transport. kTc, μ0 Hc (or Hc2), and the specimen Ic are the macroscopic envelopes that close that gap.",envelope,"Zero resistance is protected by a measured gap that vanishes at Tc; the BCS ratio is a fit, not a universal node rule.",approx,3.52,1,2Δ(0)/kTc ≈ 3.52 (BCS fit),high,Cuprates and other families that leave this ratio are not treated as contradictions. Pairing mechanisms are not QSA content.,2026-08-17
superconductivity:failure_mode:above-hc,superconductivity,library/superconductivity.md,failure_mode,failure,threshold,b_field,"Type I: Al μ0 Hc ≈ 10.5 mT; Pb ≈ 80 mT; Sn ≈ 30 mT. Type II technical class: NbTi μ0 Hc2(4.2 K) ≈ 11 T; Nb3Sn μ0 Hc2(0) ≈ 25–30 T; YBCO μ0 Hc2,ab(0) of order 10^2 T.","H > Hc (type I) or H > Hc2 (type II) destroys the condensate and restores finite R. Between Hc1 and Hc2, complete field expulsion has already failed while R=0 can still hold if vortices are pinned.",envelope,Field collapse of the condensate sits at Hc or Hc2; Meissner can fail earlier without ending R=0.,min,11.0,T,"H > Hc (mT, type I) or Hc2 (tesla-scale, type II)",high,value_si is NbTi μ0 Hc2(4.2 K). This entry owns R=0; meissner owns expulsion. Cross-cite type-ii-critical-field for the mixed-state window.,2026-08-17
superconductivity:failure_mode:above-ic,superconductivity,library/superconductivity.md,failure_mode,failure,threshold,current,"Critical current Ic (or density Jc) is real and sharp on a given specimen, but it is not a material constant. It depends on cross-section, pinning landscape, field, and temperature. No single handbook Ic is quoted.","I > Ic produces dissipation by pair-breaking, hot spots, or flux flow. That is a current-budget failure of the coherent channel.",envelope,Zero resistance ends when the transport current exceeds the specimen Ic. There is no universal current number.,min,,,I > Ic (specimen-specific),high,In type II the current cliff is often depinning rather than pair-breaking. Pinning itself is the consistency-gap row.,2026-08-17
superconductivity:failure_mode:above-tc,superconductivity,library/superconductivity.md,failure_mode,failure,threshold,temperature,Nb Tc = 9.25 K; Pb 7.2 K; Sn 3.72 K; Hg 4.15 K; Al 1.18 K; MgB2 39 K; YBCO ≈ 92 K; cuprates at ambient pressure extend to ~135 K (Hg-1223).,T > Tc closes the gap and restores finite R.,relabel,Thermal collapse of zero-resistance transport at the material-specific critical temperature.,min,9.25,K,T > Tc (Nb 9.25 K; YBCO ≈ 92 K),high,"These are material numbers, not a single universal Tc. value_si is Nb.",2026-08-17
superconductivity:hardware_scale:coherence-length-class,superconductivity,library/superconductivity.md,hardware_scale,requirement,scale,length,Coherence-length class: Al ξ0 ~ 1.6 μm; Nb ξ0 ~ 40 nm; YBCO ξ_ab ~ 1.5–2 nm. Granular films and nanowires lose zero resistance when the coherent cross-section is under-provisioned.,"A coherent superconducting volume of order ξ in each direction is the buffer. That is a class, not a single measured cliff analogous to the 10–20 nm mirror.",envelope,"Superconductivity needs a coherence-length buffer, but QSA does not have one hardware number for the condensate.",range,4e-08,m,ξ0 ~ 1.5 nm–1.6 μm (YBCO–Al),medium,"value_si is Nb ξ0 ~ 40 nm, mid-class among the quoted materials. Closed-loop persistent current is owned by flux-quantization.",2026-08-17
superfluid-helium-4:clock_latency:no-charge-lock,superfluid-helium-4,library/superfluid-helium-4.md,clock_latency,requirement,latency,time,"There is no Josephson voltage-frequency lock (no e). Weak-link apertures in helium do produce an analogous current-phase oscillation; that is a related observation, not the primary artifact here. Second sound is a temperature wave in the two-fluid bookkeeping.","Second sound is a hydrodynamic clock of the already formed superfluid, not the clock that opens the λ-point.",open,Superfluid 4He has no 2e/h lock; its internal hydro clock is not the Tλ specification.,,,,no 2e/h lock; second sound is hydro,high,Aperture analog belongs here as a related observation; the electrical specifications stay on josephson-effect.,2026-08-17
superfluid-helium-4:consistency_gap:gapped-name-loose,superfluid-helium-4,library/superfluid-helium-4.md,consistency_gap,gap,barrier,energy,"The load-bearing collapse is loss of ρs at Tλ (and of superflow at vc), not a measured charge gap of the superconducting kind. Why the λ-point sits at 2.17 K is not derived from node rules.",The family name gapped is slightly loose here. The assignment follows the taxonomy rule — protected collective mode with a critical temperature — not a pairing-gap identification.,open,"Chargeless superflow sits in gapped-coherence by collapse type, not by a pairing gap. The numerical origin of Tλ is also open.",,,,no pairing gap; ρs(Tλ) collapse,medium,File-level mapping remains High. Two-fluid bookkeeping is not used to derive Tλ. Dense interacting 4He is not the same hardware as a dilute alkali BEC.,2026-08-17
superfluid-helium-4:emergent_output:circulation-quantum,superfluid-helium-4,library/superfluid-helium-4.md,emergent_output,output,output,other,Circulation around a closed superfluid path is quantized: κ = h/m4 ≈ 9.97e-8 m²/s. Quantized vortices in the rotating liquid carry this increment.,The chargeless counterpart of Φ0 is the circulation quantum h/m4 on a closed path.,relabel,Superfluid 4He emits an integer winding with measured quantum h/m4.,approx,9.97e-08,m^2/s,κ = h/m4,high,"Cross-check with flux-quantization is the existence of an integer winding, not identity of the two constants.",2026-08-17
superfluid-helium-4:emergent_output:zero-hold-power,superfluid-helium-4,library/superfluid-helium-4.md,emergent_output,output,power,energy,Persistent currents circulate in a closed torus on laboratory timescales. Viscosity through a fine channel → 0 for the superfluid fraction below Tλ.,"Stable chargeless superflow and a persistent circulating integer at zero continuous power, inside T < Tλ and v < vc.",relabel,Holding superflow costs zero watts. The fountain and superleak responses are the same dissipationless output.,eq,0.0,W,0 W hold,high,"Fountain head and vanishing viscosity are the same machine class. Contrast with BEC, which needs continuous cooling and trapping.",2026-08-17
superfluid-helium-4:energy_barrier:t-lambda,superfluid-helium-4,library/superfluid-helium-4.md,energy_barrier,requirement,threshold,temperature,"Tλ = 2.17 K at saturated vapour pressure. The heat capacity has a λ-shaped singularity there. ρs → 0 as T → Tλ−, and ρs/ρ → 1 as T → 0.",Tλ is the thermal cliff: ρs vanishes and the superleak / fountain / persistent-current responses go with it. Neither Tλ nor vc is a static anisotropy barrier; holding a persistent current still costs no continuous power while T < Tλ and v < vc.,relabel,The load-bearing thermal gate of chargeless superflow is the λ-point at 2.17 K.,eq,2.17,K,Tλ = 2.17 K,high,"Under pressure the λ-line moves and ends when the liquid freezes. Two-fluid language is bookkeeping of ρs(T), not two substances.",2026-08-17
superfluid-helium-4:failure_mode:above-t-lambda,superfluid-helium-4,library/superfluid-helium-4.md,failure_mode,failure,threshold,temperature,"Above the λ-point the same liquid is an ordinary (if cryogenic) fluid: the superleak clogs, the fountain stops, and a finite viscosity returns.",T > Tλ sets ρs = 0 and ends every superfluid response.,relabel,Thermal collapse of chargeless superflow at 2.17 K.,min,2.17,K,T > Tλ = 2.17 K,high,Solidification across the melting curve is a coarser hardware removal.,2026-08-17
superfluid-helium-4:failure_mode:above-vc,superfluid-helium-4,library/superfluid-helium-4.md,failure_mode,failure,threshold,other,"Superflow collapses above a critical velocity vc. Observed vc is geometry-dependent (channel size, film thickness, wall condition) and typically lies far below the Landau estimate taken from the roton minimum.","vc is a velocity threshold that dumps superflow into a dissipative channel (vortex nucleation / coupling to the normal fraction), even though T < Tλ.",envelope,Superflow has a channel-dependent velocity cliff inside the T < Tλ envelope.,min,,,v > vc (geometry-dependent),high,Existence of a velocity cliff is high confidence; any one numerical vc is medium and is not quoted as a universal number.,2026-08-17
superfluid-helium-4:hardware_scale:connected-liquid,superfluid-helium-4,library/superfluid-helium-4.md,hardware_scale,requirement,scale,volume,"A connected volume of liquid 4He below Tλ, large enough to support a nonzero ρs. Superflow through packed powder and fine capillaries, and a climbing film, are the macroscopic demonstrations. There is no charge, no London λ, and no Meissner expulsion.","The condensate buffer is a connected superfluid volume. The superleak or film is apparatus that the normal fraction cannot pass — a spatial filter, not the condensate buffer. Quantized circulation requires a closed path.",envelope,Chargeless superflow needs connected 4He with ρs > 0; it does not need an electromagnetic screening depth.,,,,connected 4He with ρs > 0,high,Vortex cores are the chargeless analog of mixed-state defects. Do not collapse this hardware with dilute alkali BECs.,2026-08-17
superparamagnetism:clock_latency:attempt-time,superparamagnetism,library/superparamagnetism.md,clock_latency,requirement,latency,time,Néel–Arrhenius attempt time τ0 is empirically 10^{-10}–10^{-12} s. Thermal escape attempts run on that scale (~10^{-11} s).,In a stable grain the attempts bounce off the barrier. In an under-volume grain they succeed inside τm and rewrite the directional state at random.,envelope,"The failure clock of the latch is the Néel attempt time, not the 28 GHz/T precession carrier.",range,1e-11,s,τ0 ~ 10^{-10}–10^{-12} s,high,Single-spin precession remains ≈ 28 GHz T^{-1}; that carrier is not the failure clock.,2026-08-17
superparamagnetism:consistency_gap:mesoscale-keff,superparamagnetism,library/superparamagnetism.md,consistency_gap,gap,barrier,energy,"Real coercivity is not Ha, and real K of a nanoparticle is not the bulk K1. Surface anisotropy, grain-boundary structure, and dipolar coupling sit between unit-cell anisotropy and observed TB.",QSA does not yet have a clean buffer/barrier specification for that mesoscale Keff step.,open,The volume-and-time collapse does not depend on closing nanoparticle Keff; the mesoscale step remains underived.,,,,Keff ≠ bulk K1; mesoscale,medium,File-level mapping remains High. Brownian relaxation in a fluid is a different machine and is not this entry.,2026-08-17
superparamagnetism:emergent_output:zero-hold-power,superparamagnetism,library/superparamagnetism.md,emergent_output,output,power,energy,Holding the unblocked state costs no continuous power; the directional memory is simply gone. Zero continuous power on the blocked side as well.,Neither the fluctuating unblocked ensemble nor the blocked parent latch draws hold power.,relabel,Holding either side of the blocking contour costs zero watts.,eq,0.0,W,0 W hold,high,,2026-08-17
superparamagnetism:emergent_output:zero-remanence,superparamagnetism,library/superparamagnetism.md,emergent_output,output,output,dimensionless,"On the unblocked side, coercivity and remanence collapse to zero; M(H) is reversible and Langevin-like. A blocking contour TB(V, τm) recovers the loop below it.","Stable unblocked output is a zero-remanence ensemble curve plus the blocking surface, not a motor moment.",envelope,"The unblocked grain emits a reversible Langevin curve and a blocking contour, not a usable remanent force.",eq,0.0,1,"Mr → 0, Hc → 0 (unblocked)",high,A single unblocked grain’s fluctuating moment is not a usable motor; the Langevin curve is already an ensemble average. Blocked side is the parent latch.,2026-08-17
superparamagnetism:energy_barrier:kv,superparamagnetism,library/superparamagnetism.md,energy_barrier,requirement,barrier,energy,"Uniaxial barrier ΔE ≈ K1 V. Nd2Fe14B K1 ≈ 4.5 MJ/m³. Superparamagnetism is that barrier times an insufficient V, compared with kT ln(τm/τ0).",This is not a different barrier from the permanent-magnet latch. Collapse is under-provisioned volume at fixed K and T.,relabel,The same KV barrier holds a bulk grain and fails a nanoparticle; only V has changed.,approx,4500000.0,J/m^3,K1 ≈ 4.5 MJ/m³; ΔE ≈ KV,high,Cubic magnetite |K1| ≈ 1.35e4 J/m³; do not substitute |K1|V as if it were the uniaxial barrier. Shape anisotropy can dominate Keff in non-equant grains.,2026-08-17
superparamagnetism:failure_mode:under-volume,superparamagnetism,library/superparamagnetism.md,failure_mode,failure,scale,volume,KV ≲ kT ln(τm/τ0) (laboratory convention KV ≲ 25 kT) → remanence and coercivity collapse to zero; M(H) is reversible and Langevin-like.,Thermal erasure of the directional latch on the observation window. Spatial-buffer twin of the thin-film mirror.,envelope,Too-small grains erase the latch on the observer's clock without reaching Tc.,max,2.3e-26,m^3,KV ≲ 25 kT (~30 nm NdFeB lab window),high,"Recording uses a 40–60 kT convention; Mössbauer windows sit near 10^{-8} s. Same contour, different clocks. T > Tc is the parent Curie collapse, not this volume cliff.",2026-08-17
superparamagnetism:hardware_scale:latch-cell,superparamagnetism,library/superparamagnetism.md,hardware_scale,requirement,scale,volume,"Nd2Fe14B K1 ≈ 4.5 MJ/m³. Laboratory stability KV ≳ 25 kT gives V ≈ 2.3e-26 m³ (~30 nm linear) at 300 K. Magnetite blocking size is a 10–30 nm class for near-equant grains, not a single cliff.","The latch hardware is unchanged from the parent magnet. Below the stability volume the barrier is under-provisioned by grain size, not by a missing anisotropy mechanism.",derived,The spatial-buffer clause of the magnetic latch is a crystalline anisotropy cell at tens of nanometres for NdFeB at laboratory time.,min,2.3e-26,m^3,V ≳ 2.3e-26 m³ (~30 nm NdFeB); KV ≳ 25 kT,high,"25 kT is a timescale convention, not a single experimental cliff. Magnetite has no single portable diameter.",2026-08-17
surface-plasmon-resonance:clock_latency:optical-cycle,surface-plasmon-resonance,library/surface-plasmon-resonance.md,clock_latency,requirement,latency,time,"The metal electrons must follow at the SPP frequency, below the screened plasma / interband edge — the same femtosecond class as reflection.",Optical-cycle synchronization of the same free-electron gas. Drive above the screened edge unbinds the mode (ε_m+ε_d no longer negative).,envelope,"SPR shares reflection’s femtosecond screening clock; the new constraint is momentum, not a new cycle time.",,,,optical cycle (fs class),high,Cross-cite reflection:clock_latency:plasma-period and plasma-frequency-cutoff for the numerical 0.3–1 fs band and for ω>ωp unbinding. This file does not restate those periods.,2026-08-17
surface-plasmon-resonance:consistency_gap:coupler-tag,surface-plasmon-resonance,library/surface-plasmon-resonance.md,consistency_gap,gap,threshold,other,"A momentum-matching coupler is required. The coupler is a wavevector match, not a buffer, clock, barrier, lattice, field threshold, or thermal limit.",The load-bearing k-match does not sit in the six allowed constraint tags. The thickness window is also not a single buffer number.,open,"Tag-set gap plus a moving window: Medium mapping, not a contradiction of the electron-gas family.",,,,k-match outside tag set; window ≠ floor,medium,File-level mapping remains Medium. Do not invent a seventh tag for one entry.,2026-08-17
surface-plasmon-resonance:emergent_output:r-dip,surface-plasmon-resonance,library/surface-plasmon-resonance.md,emergent_output,output,output,dimensionless,A narrow dip appears in reflected intensity as angle or wavelength is scanned. The dip walks when the refractive index of the medium against the metal changes. Width tracks Im ε_m.,"A sharp angular or spectral absorption feature and a field bound to the interface, from synchronized oscillation of the metal electrons against the dielectric.",envelope,"The stable output is the resonance dip and the interface-bound field, not a bulk mirror R.",,,,minimum in R(θ) or R(λ),high,No universal R_min is quoted.,2026-08-17
surface-plasmon-resonance:energy_barrier:no-latch,surface-plasmon-resonance,library/surface-plasmon-resonance.md,energy_barrier,requirement,threshold,energy,"None. Driven collective resonance, not a latch.",No static barrier holds the dip. The mode exists only while it is driven.,relabel,"SPR is a driven interface mode, not a stored directional state.",,,,no latch,high,,2026-08-17
surface-plasmon-resonance:failure_mode:momentum-mismatch,surface-plasmon-resonance,library/surface-plasmon-resonance.md,failure_mode,failure,threshold,other,"The SPP wavevector lies outside the free-space (or dielectric) light line: k_sp > n_d ω/c. Light incident from free space on a flat metal surface does not produce the dip. Without a coupler (Kretschmann, Otto, or grating) there is no resonance, however good the metal.",No in-plane momentum match → the interface mode is not launched → no dip.,envelope,Momentum match is load-bearing hardware and the primary collapse when the coupler or angle is absent.,,,,"no coupler, or θ / grating off the match",high,"total-internal-reflection supplies the prism evanescent field that Kretschmann and Otto use. Shared hardware, not a shared collapse.",2026-08-17
surface-plasmon-resonance:failure_mode:thickness-window,surface-plasmon-resonance,library/surface-plasmon-resonance.md,failure_mode,failure,scale,length,"If the film is far from the working thickness window, or the metal is a poor, highly damped conductor, the feature washes out. Discontinuous morphology or a missing metal–dielectric face also kills the mode.","Thickness off the window, islanded film, or no interface starves the bound-mode buffer.",envelope,"Spatial failure is a window, not a one-sided 10 nm floor.",range,4.5e-08,m,off the tens-of-nm / 40–50 nm Au window,medium,Do not treat 50 nm of gold as the SPR equivalent of reflection’s 5–10 nm cliff. Large γ washes the dip out rather than moving a sharp cliff.,2026-08-17
surface-plasmon-resonance:hardware_scale:dielectric-tail,surface-plasmon-resonance,library/surface-plasmon-resonance.md,hardware_scale,requirement,scale,length,"Field decay into the metal is of order the optical penetration depth (tens of nm). Decay into the dielectric is longer, typically a fraction of a visible wavelength up to about one wavelength. Propagating SPP in good Ag in the red can run tens of micrometres.","The dielectric-side evanescent tail is an additional buffer. A coupler (prism index plus angle, or a grating period) is part of the hardware even though it is not the electron gas.",envelope,SPR occupies a wavelength-scale dielectric tail plus a metal-side optical skin.,,,,dielectric tail ~λ/few to ~λ; metal decay tens of nm,high,"Metal-side decay is the optical skin owned by reflection / skin-effect. Propagation tens of μm is a run length, not the thickness window.",2026-08-17
surface-plasmon-resonance:hardware_scale:kretschmann-window,surface-plasmon-resonance,library/surface-plasmon-resonance.md,hardware_scale,requirement,scale,length,"Kretschmann film thickness sits in a window of tens of nanometres — commonly about 40–50 nm of Au in the visible — thick enough that a bound interface mode exists, thin enough that the prism field still reaches the outer metal–dielectric face. Continuous, not islanded.","Three nested spatial resources: a metal–dielectric interface, a thickness inside the coupler window, and in-plane continuity. The window is not a universal 50 nm law.",envelope,"SPR hardware is an interface plus a thickness window, not the 10–20 nm mirror floor.",range,4.5e-08,m,"40–50 nm Au (Kretschmann window, visible)",medium,"Geometric mean of 40–50 nm. Exact optimum is metal-, λ-, and coupler-dependent. Localized particle resonance (Au colloid ~520 nm) is a different spatial buffer and must not be averaged into this number.",2026-08-17
thermal-conductivity-phonon:clock_latency:scattering-time,thermal-conductivity-phonon,library/thermal-conductivity-phonon.md,clock_latency,requirement,latency,time,"Carrier speed v is the long-wave acoustic slope. The transport clock is the scattering time τ = ℓ/v: boundary-limited and long at low T, umklapp-limited and short at high T. Zone-boundary / Debye periods remain the underlying oscillator clocks.","Transport latency is ℓ/v, not the Debye period. No single τ is extracted.",open,The heat-current clock is the scattering time set by ℓ. Oscillator clocks stay with debye-cutoff.,,,,τ = ℓ/v (unpinned),medium,v owned by speed-of-sound; C(T) by debye-cutoff; this file owns ℓ.,2026-08-17
thermal-conductivity-phonon:consistency_gap:underived-ell,thermal-conductivity-phonon,library/thermal-conductivity-phonon.md,consistency_gap,gap,scale,length,The mapping takes the kinetic formula and the Peierls umklapp distinction as descriptive data. It does not yet extract a particular ℓ(T) from node-level anharmonicity.,The failing resource (ℓ) is identified; its value is not derived from node rules.,open,QSA names ℓ as the transport buffer but does not compute ℓ(T) from anharmonicity. Same unfinished anharmonicity as thermal-expansion.,,,,κ = (1/3) C v ℓ taken; ℓ(T) underived,medium,File-level mapping is Medium. Electronic thermal conductivity belongs with the electron population.,2026-08-17
thermal-conductivity-phonon:emergent_output:kappa-class,thermal-conductivity-phonon,library/thermal-conductivity-phonon.md,emergent_output,output,output,other,"Room-temperature class: diamond κ ∼ 10³ W m⁻¹ K⁻¹; typical oxide glasses κ ∼ 1 W m⁻¹ K⁻¹. A good crystal’s κ is small at the lowest T, rises, peaks (often tens of kelvin), and then falls.","A material- and size-dependent κ(T) with the crystal peak-and-fall shape, produced by a synchronized phonon population limited by ℓ.",envelope,The transport machine emits a crystal κ(T) peak and a diamond-vs-glass class of about 10³ vs 1 W m⁻¹ K⁻¹.,range,,W/(m·K),diamond ~10³ W m⁻¹ K⁻¹; oxide glasses ~1; crystal peak-and-fall,high,"Kinetic structure κ = (1/3) C v ℓ is descriptive data; the 1/3 is a kinetic average, not a derived node rule.",2026-08-17
thermal-conductivity-phonon:energy_barrier:no-latch,thermal-conductivity-phonon,library/thermal-conductivity-phonon.md,energy_barrier,requirement,threshold,temperature,No latched barrier. Umklapp is a kinematic threshold in the phonon population (enough large-q modes occupied) rather than an activation barrier that stores a state. T → 0 starves C; T → T_m removes the grid.,"The transport spec has occupation and grid conditions, not a memory barrier.",envelope,Phonon heat current is not a latch. Umklapp is kinematic; T → 0 or melting starve the channel.,,,,umklapp kinematic; C→0 as T→0; grid to T_m,high,,2026-08-17
thermal-conductivity-phonon:failure_mode:casimir,thermal-conductivity-phonon,library/thermal-conductivity-phonon.md,failure_mode,failure,scale,length,"Specimen size below the intrinsic ℓ (Casimir) → κ set by L, not by bulk scattering. Low T, clean crystal: ℓ saturates at the specimen size, C ∝ T³, so κ ∝ T³.",Spatial under-provisioning of the path makes the sample the buffer. That is a size failure of the bulk-κ spec.,envelope,"When L < intrinsic ℓ, the heat current is boundary-limited and κ tracks the specimen, not bulk umklapp.",max,,m,L ≲ ℓ (Casimir); κ ∝ T³ at low T,high,Any one peak temperature or residual ℓ is sample-dependent (medium).,2026-08-17
thermal-conductivity-phonon:failure_mode:grid-loss,thermal-conductivity-phonon,library/thermal-conductivity-phonon.md,failure_mode,failure,threshold,temperature,This channel collapses if the grid is destroyed (melting) or if T → 0 (C → 0). It is not the electronic Wiedemann–Franz channel.,Destroy the grid or starve C and this phonon κ is gone. Measuring a metal and attributing κ to phonons is the wrong machine.,envelope,Melting or T → 0 ends the phonon heat current. Electronic κ is a different population.,,,,T → T_m or T → 0; not Wiedemann–Franz,high,Cross-cite melting and electron-heat-capacity.,2026-08-17
thermal-conductivity-phonon:failure_mode:mfp-collapse,thermal-conductivity-phonon,library/thermal-conductivity-phonon.md,failure_mode,failure,scale,length,"Umklapp, defects, isotopes, or amorphization collapse ℓ and κ falls. At high T, C has saturated and ℓ continues to drop, so κ falls (often roughly as 1/T in simple crystals). Umklapp requires the reciprocal lattice; normal processes do not by themselves degrade a heat current in the Peierls accounting.",ℓ is the load-bearing transport resource. Shorten it and the heat current dies even while the modes still exist.,envelope,"The transport spec fails when the mean free path collapses — umklapp at high T, or defects / glass.",,,m,ℓ collapse (umklapp / defects / glass); κ often ~1/T at high T,high,"No reciprocal lattice, no umklapp (phonon-dispersion owns the zone). Same anharmonicity thermal-expansion names.",2026-08-17
thermal-conductivity-phonon:hardware_scale:lattice-plus-mfp,thermal-conductivity-phonon,library/thermal-conductivity-phonon.md,hardware_scale,requirement,scale,length,"A lattice that supports propagating acoustic modes, plus a mean free path. In the Casimir limit the spatial buffer is the specimen: ℓ saturates at the specimen size and shrinking L lowers κ at low T. In a glass the effective ℓ is already microscopic and the crystal-style peak never forms.",Hardware is the phonon-carrying grid plus the scattering length ℓ. At low T the buffer is the sample itself.,envelope,Phonon κ requires a propagating lattice and an ℓ. Casimir makes the specimen the spatial buffer; a glass never provisions the crystal peak.,,,m,ℓ plus lattice; Casimir ℓ ~ L_sample,high,A metal’s phonon channel is present but is not the macroscopic κ this entry maps.,2026-08-17
thermal-equilibrium-temperature:clock_latency:exchange-window,thermal-equilibrium-temperature,library/thermal-equilibrium-temperature.md,clock_latency,requirement,latency,time,Equilibration clocks are medium-specific: collision time of order 10^{-10} s in standard air; phonon/electron exchange from picoseconds to nanoseconds in ordinary crystals. Radiative exchange is slower.,"Observation faster than the population’s exchange window returns a sequence of incomplete averages, not T.",envelope,The thermometer clock is the medium’s equilibration window; ordinary condensed samples have already finished on any mechanical or human clock.,,,,medium-specific (air ∼10^{-10} s; crystals ps–ns),medium,The numerical window is medium for any one sample and geometry. Do not treat 10^{-10} s as a universal machine clock.,2026-08-17
thermal-equilibrium-temperature:consistency_gap:underived-k-and-n,thermal-equilibrium-temperature,library/thermal-equilibrium-temperature.md,consistency_gap,gap,capacity,node_count,k = 1.380649e-23 J/K is defined in SI. The N^{-1/2} scatter is taken from ensemble formulae. No universal minimum N is measured.,"QSA takes the observed scatter and the measured equilibration time as buffer and clock. It does not derive k, or a minimum N, from node rules.",open,"The statistical buffer is named as a class but not given a node-rule number. That is a gap, not a contradiction, and it recurs on every entry in this family.",,,,k defined; no derived min N,medium,Treating the defined k as an extracted machine constant would over-claim.,2026-08-17
thermal-equilibrium-temperature:emergent_output:shared-t,thermal-equilibrium-temperature,library/thermal-equilibrium-temperature.md,emergent_output,output,output,temperature,"A body left in contact with a larger body, or isolated long enough, presents a single stable thermometer reading. Two bodies in contact converge; a third that matches the first matches the second.","The stable product is one shared number T, and with it the conversion kT between that number and an energy scale.",envelope,"T is the averaged output of the exchanging population, not a single-node property.",,,,one shared T (kT conversion),medium,"k = 1.380649e-23 J/K is defined in SI, not an extracted machine constant. kT ≈ 4.14e-21 J at 300 K is arithmetic from that defined k.",2026-08-17
thermal-equilibrium-temperature:energy_barrier:no-latch,thermal-equilibrium-temperature,library/thermal-equilibrium-temperature.md,energy_barrier,requirement,barrier,energy,"No latch holds T. Barriers elsewhere (Curie point, superconducting gap, melting) destroy or replace this average; they are not the resource that produces T.","T is produced by exchange among contributors, not by a barrier that protects a written state.",envelope,Temperature has no energy barrier that stores a state.,,,,"no latch; exchange, not a barrier",medium,"Negative latch spec. Melting, superconductivity, and permanent-magnet-latch own the replacements.",2026-08-17
thermal-equilibrium-temperature:failure_mode:inside-exchange-window,thermal-equilibrium-temperature,library/thermal-equilibrium-temperature.md,failure_mode,failure,latency,time,"A reading taken inside the exchange window, or on a subsystem that is not exchanging, is not the equilibrium T.",Drive or observation faster than the averaging window is a clock failure of the family: the output is not T.,envelope,Observe inside the exchange window and the thermometer does not report T.,,,,t_obs ≲ equilibration window,medium,,2026-08-17
thermal-equilibrium-temperature:failure_mode:no-exchange-channel,thermal-equilibrium-temperature,library/thermal-equilibrium-temperature.md,failure_mode,failure,capacity,other,"With no exchange channel — no collisions, no radiation, no contact — two bodies do not converge to a shared reading.",Zeroth-law contact is a resource. Isolation prevents a shared average.,envelope,Without an exchange channel the population cannot finish a common T.,,,,no collisions / radiation / contact,medium,,2026-08-17
thermal-equilibrium-temperature:failure_mode:underpopulated,thermal-equilibrium-temperature,library/thermal-equilibrium-temperature.md,failure_mode,failure,capacity,node_count,A sample with only a handful of independent contributors does not present a stable reading: successive observations scatter.,Too few contributors → scatter dominates the mean → no stable thermometer reading.,envelope,Under-populated averages fail gradually; there is no single N at which T switches off.,,,,scatter ∼ N^{-1/2},medium,,2026-08-17
thermal-equilibrium-temperature:hardware_scale:one-over-sqrt-n,thermal-equilibrium-temperature,library/thermal-equilibrium-temperature.md,hardware_scale,requirement,capacity,node_count,Relative energy (or inferred-T) fluctuations of a finite population scale as N^{-1/2}. There is no single universal N at which a thermometer starts working.,"The hardware is a large exchanging population. Required N is set by the stability of the reading against the instrument, not by a material constant.",envelope,"Temperature requires a statistical buffer; collapse is gradual in 1/√N, not a connected-film or KV cliff.",,,,σ_E/⟨E⟩ ∼ N^{-1/2}; no universal N,medium,File-level mapping is Medium. Contrast with reflection’s 10–20 nm stack and the magnet latch cell.,2026-08-17
thermal-expansion:clock_latency:no-separate-clock,thermal-expansion,library/thermal-expansion.md,clock_latency,requirement,latency,time,"There is no separate expansion clock. The lattice clocks are the phonon spectrum; α(T) is the thermal occupation of those modes acting through γ. The laboratory length change follows the thermal equilibration time of the specimen, not an atomic period.","α is an occupation readout of the existing phonon table, delayed only by specimen thermalization.",open,No dedicated expansion period is extracted. Laboratory ΔL follows thermal equilibration.,,,,no separate clock; follows thermal equilibration,medium,Cross-cite phonon-dispersion and thermal-equilibrium-temperature.,2026-08-17
thermal-expansion:consistency_gap:underived-anharmonicity,thermal-expansion,library/thermal-expansion.md,consistency_gap,gap,output,dimensionless,Anharmonicity is the stated condition and not a single hardware number. There is no measured γ_c at which expansion turns on. QSA does not derive the 10⁻⁶–10⁻⁵ K⁻¹ class from node-well shapes.,"The resource (anharmonicity) is named; its strength is taken as data. Invar shows that α ≈ 0 can also be a cancellation, which must not be misread as γ = 0.",open,"Expansion is located as the anharmonic correction, but that resource is not pinned to one measured hardware number the way ω_p or T_m is.",,,,α class taken; no γ_c,medium,File-level mapping is Medium. Quasi-harmonic ω(q) shifts organize data and do not supply a single how-anharmonic number.,2026-08-17
thermal-expansion:emergent_output:alpha-class,thermal-expansion,library/thermal-expansion.md,emergent_output,output,output,dimensionless,"Metals as a class: α ∼ 10⁻⁶–10⁻⁵ K⁻¹ near room temperature (handbook examples in that window: Al ∼ 2×10⁻⁵ K⁻¹, Fe ∼ 1×10⁻⁵ K⁻¹).","A small, material-typical α(T) as the averaged length change of an anharmonic, thermally occupied grid.",envelope,"The expansion machine emits a 10⁻⁶–10⁻⁵ K⁻¹ metal class, not a universal α.",range,,1/K,10⁻⁶–10⁻⁵ K⁻¹ (Al ∼2×10⁻⁵; Fe ∼1×10⁻⁵),high,"value_si left null: class envelope, not one pin. A particular alloy’s α(T) is medium.",2026-08-17
thermal-expansion:energy_barrier:no-threshold,thermal-expansion,library/thermal-expansion.md,energy_barrier,requirement,threshold,dimensionless,"No latched barrier and no single threshold number. The operating condition is γ ≠ 0 (anharmonic wells) plus a finite T. The stated collapse is the harmonic limit γ → 0, a condition on the wells rather than a measured T or E. There is no measured γ_c at which expansion turns on.","Expansion is not a gated latch. γ of order one for many solids is a descriptive class, not a cliff.",open,No activation barrier and no γ_c. Anharmonic wells plus finite T are the operating condition.,approx,1.0,1,γ of order one; no γ_c,medium,"γ → 0 is the harmonic-limit statement. value_si is the order-one class, not a pin.",2026-08-17
thermal-expansion:failure_mode:harmonic-limit,thermal-expansion,library/thermal-expansion.md,failure_mode,failure,threshold,dimensionless,"A purely harmonic spring lattice would not expand — its mean bond length is independent of amplitude. γ → 0 (purely harmonic springs) → α = 0. This is the taxonomy collapse. It is a limiting condition, not a laboratory switch one flips on a given metal.","Remove anharmonicity and the length-change machine disappears, even though moduli, sound speed, and the 3N mode count remain.",envelope,The harmonic lattice does not expand. That is the named collapse of this effect.,eq,0.0,1/K,γ → 0 ⇒ α = 0 (harmonic limit),high,Umklapp in thermal-conductivity-phonon draws on the same anharmonicity; the two entries should not assign contradictory γ.,2026-08-17
thermal-expansion:failure_mode:invar-compensation,thermal-expansion,library/thermal-expansion.md,failure_mode,failure,output,dimensionless,"Invar (Fe–Ni near the 36 wt% Ni composition): α near zero around room temperature, not because the lattice has become harmonic, but because a magnetic / volume-magnetostriction channel cancels the ordinary anharmonic term.",α ≈ 0 without harmonic wells. That is not the harmonic-limit collapse.,envelope,"Invar’s near-zero α is a two-channel cancellation, not γ = 0.",approx,0.0,1/K,"Invar α ≈ 0 (cancellation, not harmonic)",high,Cross-cite magnetostriction (volume channel). Composition 36 wt% Ni is in the file.,2026-08-17
thermal-expansion:failure_mode:t-to-zero,thermal-expansion,library/thermal-expansion.md,failure_mode,failure,threshold,temperature,"α → 0 as T → 0, tracking the vanishing of the lattice heat capacity. High temperature: α continues until the grid fails (melting). There is no single α-defined collapse temperature analogous to T_m or T_C.",Starve C_V and expansion stops even if γ is finite. Melting ends the solid’s α spec; it is not an α cliff.,envelope,Low T kills α with the heat capacity. Melting ends the solid; α itself has no T_C-style pin.,approx,0.0,K,T → 0 ⇒ α → 0; no α-defined T_c,high,Cross-cite debye-cutoff (C_V) and melting (high-T end of the same wells).,2026-08-17
thermal-expansion:hardware_scale:anharmonic-wells,thermal-expansion,library/thermal-expansion.md,hardware_scale,requirement,scale,other,"A mechanically coupled lattice whose wells are not purely quadratic, large enough for a macroscopic length to be defined. If the restoring wells are purely quadratic, ⟨x⟩ is independent of T and α = 0. The harmonic grid that already produces speed-of-sound, elasticity, and debye-cutoff is not sufficient.",Expansion is the anharmonic correction to the same ion-grid hardware. Harmonic springs provision moduli and a long-wave slope and still give α = 0.,envelope,"The extra hardware is anharmonicity (γ ≠ 0), not a fourth reading of the harmonic springs.",,,,γ ≠ 0 anharmonic wells; harmonic grid insufficient,high,Invar adds a magnetic volume channel on top of the lattice term (magnetostriction).,2026-08-17
total-internal-reflection:clock_latency:optical-period,total-internal-reflection,library/total-internal-reflection.md,clock_latency,requirement,latency,time,Clock is the optical period. TIR works across the transparency window of the two dielectrics.,"Clock is not the load-bearing collapse. The gate dies when n(ω) contrast disappears (X-ray δ→0, or an absorption band) — a failure of the underlying refraction machines.",envelope,"TIR inherits the optical cycle of refraction; the collapse is geometric, not temporal.",,,,optical period; not the collapse,high,Cross-cite refraction-dielectric:clock_latency:optical-cycle (~2 fs visible) for the parent cycle time.,2026-08-17
total-internal-reflection:consistency_gap:angle-tag,total-internal-reflection,library/total-internal-reflection.md,consistency_gap,gap,threshold,dimensionless,"The six allowed tags have no slot for angle or index contrast. spatial-buffer covers the interface, the evanescent tail, and frustrated-TIR starvation. It does not name the critical-angle gate.",The sharp θc / n1>n2 collapse is recorded as a geometry/contrast gate but is not a first-class constraint tag.,open,"Limitation of the tag list, not a reason to invent a tag for one file. Mapping still rates High because the collapses are sharp.",,,,no tag for θc / n1>n2,medium,File-level mapping remains High. Not a new collective oscillator; kinematic gate on refraction’s n.,2026-08-17
total-internal-reflection:emergent_output:unit-r,total-internal-reflection,library/total-internal-reflection.md,emergent_output,output,output,dimensionless,"Fresnel reflection coefficients have magnitude 1 (lossless media) for θ>θc, with an angle- and polarization-dependent phase.","Unit reflectance for all θ>θc, together with a non-propagating field occupying a wavelength-scale volume on the far side.",relabel,"The synchronized boundary response emits R=1 (lossless) and an evanescent occupancy, without a metal electron gas.",eq,1.0,1,"|r| = 1 (lossless, θ>θc)",high,Absorption in either medium → |r|<1 even above θc.,2026-08-17
total-internal-reflection:energy_barrier:no-latch,total-internal-reflection,library/total-internal-reflection.md,energy_barrier,requirement,threshold,energy,Time-averaged Poynting flux through the interface is zero in lossless TIR. Energy still occupies the evanescent volume.,"Driven boundary response, not a latch. The word barrier for the low-index gap in frustrated TIR is a wave-tunneling metaphor, not an energy-barrier tag.",relabel,No stored state and no activation barrier. The gap is a spatial buffer.,,,,no latch; evanescent gap is not ΔE,high,,2026-08-17
total-internal-reflection:failure_mode:below-critical-angle,total-internal-reflection,library/total-internal-reflection.md,failure_mode,failure,threshold,dimensionless,θc = arcsin(n2/n1). Crown glass / air (n1≈1.50) θc≈41.8°; water / air (1.333) 48.6°; diamond / air (2.42) 24.4°. For θ<θc a propagating transmitted beam appears and R<1.,Incidence below the geometric gate → the total-reflection output is gone.,relabel,The load-bearing geometric collapse is θ<θc.,max,0.729,rad,θ < θc ≈ 41.8° (crown/air),high,"value_si is 41.8° in radians, textbook crown/air. Water 48.6°, diamond 24.4°. The cliff is θ<θc, not a universal angle. Metal reflection can give high R without any critical angle.",2026-08-17
total-internal-reflection:failure_mode:frustrated-tir,total-internal-reflection,library/total-internal-reflection.md,failure_mode,failure,scale,length,"A third medium placed inside the evanescent tail accepts a propagating wave. The isolation fails without any change in θ or in n1, n2.",Spatial starvation of the 1/κ buffer by a third body destroys unit reflectance.,envelope,Frustrated TIR is buffer starvation of the evanescent volume.,max,,,third body inside ~1/κ,high,surface-plasmon-resonance uses this tail as a coupler rather than as a collapse.,2026-08-17
total-internal-reflection:failure_mode:no-contrast,total-internal-reflection,library/total-internal-reflection.md,failure_mode,failure,threshold,dimensionless,No real θc exists if n1≤n2.,Without index contrast the geometry gate never opens.,relabel,"n1≤n2 is a binary contrast collapse, sharper than refraction’s continuum.",max,1.0,1,n1/n2 ≤ 1,high,X-ray total external reflection is the same kinematic gate with inverted contrast (n_material=1−δ<1=n_vacuum).,2026-08-17
total-internal-reflection:hardware_scale:evanescent-tail,total-internal-reflection,library/total-internal-reflection.md,hardware_scale,requirement,scale,length,"An evanescent field occupies the low-index side. Amplitude decay length 1/κ = λ0 / (2π √(n1² sin²θ − n2²)): of order λ/2π well above θc, several wavelengths as θ→θc+.","An interface between two polarizable populations with n1>n2, plus a far-side buffer of order 1/κ. Same bound-charge machines as refraction-dielectric, not a new species.",envelope,TIR hardware is index contrast plus a wavelength-scale evanescent volume.,range,,,1/κ ~ λ/2π to a few λ,high,Starve that gap with a third medium and the total-reflection output fails (frustrated TIR).,2026-08-17
type-ii-critical-field:clock_latency:not-voltage-standard,type-ii-critical-field,library/type-ii-critical-field.md,clock_latency,requirement,latency,time,"Screening and core adjustment follow the parent-condensate electromagnetic / gap clocks (London / plasma scales; gap frequency). Flux-flow voltages, when present, sit on a much slower, geometry- and drive-dependent scale set by vortex velocity.",This entry is not a voltage-standard clock; that lock lives on josephson-effect.,open,"Mixed-state dynamics inherit the parent condensate clocks; flux flow is a slower, non-universal scale.",,,,London/gap clocks; flux-flow slower,high,Not the 483.6 MHz/μV lock.,2026-08-17
type-ii-critical-field:consistency_gap:pinning-mesoscale,type-ii-critical-field,library/type-ii-critical-field.md,consistency_gap,gap,barrier,energy,"Pinning — the barrier that decides whether the mixed state is dissipationless — is set by microstructure (precipitates, grain boundaries, irradiation defects) and is not a universal function of λ and ξ.",QSA does not yet have a clean buffer/barrier specification for that mesoscale step. The Hc1 / Hc2 / κ collapses do not depend on closing it.,open,"Mixed-state classification is closed; the pinning landscape that protects R=0 is still underived, of the same kind as mesoscale coercivity.",,,,"pinning mesoscale; not f(λ,ξ)",medium,File-level mapping remains High. Same class of gap as permanent-magnet-latch coercivity. Superconductivity records the R=0 side of this gap.,2026-08-17
type-ii-critical-field:emergent_output:phi0-lattice,type-ii-critical-field,library/type-ii-critical-field.md,emergent_output,output,output,other,"Between Hc1 and Hc2 flux enters as a lattice of discrete tubes, each carrying one flux quantum Φ0 = h/2e = 2.0678e-15 Wb. The vortex lattice is seen by decoration, neutron diffraction, and STM.","A mixed state whose field scale is set by ξ and λ, whose flux is packaged as an integer number of Φ0 tubes, and whose lattice spacing tracks √(Φ0/B), for as long as Hc1 < H < Hc2 and T < Tc.",relabel,The stable output is a field-tuned lattice of Φ0 phase defects.,eq,2.0678e-15,Wb,Φ0=h/2e per vortex,high,Same quantum as flux-quantization: a vortex is a phase defect that plays the role of the hole.,2026-08-17
type-ii-critical-field:energy_barrier:hc1-hc2,type-ii-critical-field,library/type-ii-critical-field.md,energy_barrier,requirement,threshold,b_field,"Two field thresholds in type II, both temperature-dependent and both collapsing to zero at Tc: Hc1 (first flux entry) and Hc2 (gap destroyed; mixed state gone). Descriptive forms: μ0 Hc2 = Φ0/(2πξ²); μ0 Hc1 ≈ Φ0 lnκ / (4πλ²).",Hc1 is the field threshold for first entry of a Φ0 defect. Hc2 is the field threshold that closes the gap. Pinning sites supply an additional barrier against vortex motion; that barrier protects the zero-resistance reading and is not the same threshold as Hc2.,envelope,The mixed-state window is the field interval between first vortex entry and gap closure.,range,,,Hc1 < H < Hc2 (tesla-scale conductors),high,"NbTi and Nb3Sn remain superconducting in tesla-scale fields at liquid-helium temperature; YBCO does so at liquid-nitrogen temperature, with a strongly anisotropic Hc2. Specific tesla numbers live on superconductivity.",2026-08-17
type-ii-critical-field:failure_mode:above-hc2,type-ii-critical-field,library/type-ii-critical-field.md,failure_mode,failure,threshold,b_field,Above Hc2 the mixed state is gone and the sample is normal. T → Tc sends both Hc1 and Hc2 to zero.,"H > Hc2 destroys the ξ-buffer, closes the gap, and ends this artifact.",relabel,"Upper-critical-field collapse is gap destruction, not first penetration.",min,,,H > Hc2,high,"Collapse at Hc1 is a collapse of meissner, not of the gap. Treating them as one critical field would hide the vortex-lattice buffer.",2026-08-17
type-ii-critical-field:failure_mode:unpinned-flux-flow,type-ii-critical-field,library/type-ii-critical-field.md,failure_mode,failure,threshold,other,"A moving vortex lattice produces a dissipative electric field. Zero-resistance transport in the mixed state therefore requires pinning. If the tubes can move, transport becomes dissipative even though the gap has not yet closed.",Free vortex motion is a failure of the R=0 artifact while the gap and the lattice are still present. That is a different collapse from Hc2.,envelope,Unpinned flux flow dumps dissipation into the mixed state without closing the gap.,,,,unpinned vortex motion,high,"Owned jointly with superconductivity, which owns R=0. Pinning landscape is the consistency-gap row.",2026-08-17
type-ii-critical-field:hardware_scale:kappa-line,type-ii-critical-field,library/type-ii-critical-field.md,hardware_scale,requirement,scale,dimensionless,"Type II when κ = λ/ξ > 1/√2. Type-I elements sit below this line and have a single thermodynamic Hc, typically tens of millitesla (lead is the high end of that class, μ0 Hc ~ 80 mT).","Three nested spatial scales are required before this artifact exists as something other than a type-I Meissner state: ξ (core), λ (screening cloud), and the condition λ > ξ/√2.",relabel,Type II is the regime in which the screening cloud outruns the coherence-length core.,min,0.707,1,κ > 1/√2,high,λ is shared with meissner; ξ is the core size that closes at Hc2. This file owns the mixed-state window.,2026-08-17
type-ii-critical-field:hardware_scale:vortex-spacing,type-ii-critical-field,library/type-ii-critical-field.md,hardware_scale,requirement,scale,length,Each vortex carries Φ0 = h/2e = 2.0678e-15 Wb. The areal density of vortices is B/Φ0; the lattice spacing is of order √(Φ0/B) (tens of nanometres at tesla-scale induction).,"Vortex lattice spacing is an extra, field-tuned buffer that has no type-I counterpart. The mixed state is a synchronized array of these defects, not a uniform condensate.",derived,At tesla-scale B the mixed-state lattice is a tens-of-nanometres array of Φ0 tubes.,approx,4.5e-08,m,a ~ √(Φ0/B) (tens of nm at tesla-scale),high,value_si is √(Φ0/1 T) from the stated Φ0. Spacing tracks the field; it is not a material constant.,2026-08-17
work-function-thermionic:clock_latency:attempt-rate,work-function-thermionic,library/work-function-thermionic.md,clock_latency,requirement,latency,time,"Thermal attempt rates sit in the prefactor A T². Once over the barrier, vacuum transit is set by anode voltage and gap. Relative to any mechanical clock the emission, when it occurs, is already complete.","Collection latency is not the gate. A T² is the attempt-rate prefactor, not a stored-state cycle.",envelope,Opening φ is not a laboratory-scale clock. Transit belongs to collection.,,,,A T² attempt prefactor; transit is collection,high,"Theoretical A0 ≈ 1.20×10⁶ A m⁻² K⁻² is a current-density prefactor, not a period. No opening-time number is given.",2026-08-17
work-function-thermionic:consistency_gap:underived-phi,work-function-thermionic,library/work-function-thermionic.md,consistency_gap,gap,threshold,energy,QSA takes φ as a measured surface specification. It does not here derive the 4.5 eV of tungsten from a more primitive node rule.,No derivation of W’s 4.5 eV class from a surface-dipole plus chemical-potential construction. The collapse kT ≪ φ does not depend on closing that derivation.,open,The gate is located and shown to be a surface resource; its value is not derived from node rules.,,,,"φ taken, not derived",medium,File-level mapping remains High; this clause is the underived step.,2026-08-17
work-function-thermionic:emergent_output:richardson-current,work-function-thermionic,library/work-function-thermionic.md,emergent_output,output,output,current,Richardson–Dushman J = A T² exp(−φ/kT). Theoretical A0 ≈ 1.20×10⁶ A m⁻² K⁻². No optical illumination is required.,"Stable current density from a hot surface, with no optical drive, while surface, T, and collection field stay inside the envelope.",relabel,The machine’s stable product is a heat-opened surface current gated by φ.,,,,"J(T,φ); A0 ≈ 1.20×10⁶ A m⁻² K⁻²",high,Apparent A of a technical surface is medium and is taken as a surface datum.,2026-08-17
work-function-thermionic:energy_barrier:work-function,work-function-thermionic,library/work-function-thermionic.md,energy_barrier,requirement,threshold,energy,Handbook polycrystalline φ: W ≈ 4.5 eV (often 4.54 eV); Cs ~2 eV; thoriated tungsten ≈ 2.6 eV. The same φ is the photoelectric threshold of the same surface.,φ is the load-bearing gate. Heat opens it from below via the Boltzmann tail; a photon hν > φ opens the same gate from above. Schottky lowering modifies φ; it does not replace it.,relabel,Thermionic emission is the photoelectric-class surface gate opened by heat rather than by a photon. Not a latch; the electron leaves.,approx,7.21e-19,J,φ ≈ 4.5 eV (W); Cs ~2 eV,high,value_si is clean W φ. Faces and contamination shift tenths of an eV. Cross-cite photoelectric-threshold.,2026-08-17
work-function-thermionic:failure_mode:under-threshold,work-function-thermionic,library/work-function-thermionic.md,failure_mode,failure,threshold,energy,"Emission is unmeasurable when kT ≪ φ. For clean W, φ/kT ~ 170 at 300 K (kT ≈ 26 meV) and ~20 at 2500 K. A tungsten filament at room temperature emits nothing measurable.",Under-threshold thermal input is the non-occurrence of the conversion. That is the collapse of thermionic emission.,relabel,Below kT ~ φ the gate stays shut. A cold tungsten part is not a cathode.,max,7.21e-19,J,kT ≪ φ,high,"The Richardson tail is thermal occupation of states above a hard barrier, not a second channel.",2026-08-17
work-function-thermionic:hardware_scale:emitting-area,work-function-thermionic,library/work-function-thermionic.md,hardware_scale,requirement,capacity,area,A measurable cathode current is the summed output of a large emitting area. Starving the area reduces current in proportion; it does not close the gate.,"Emitting area is a capacity, not a second spatial cliff.",envelope,"Macroscopic J is a rate of independent escapes. Area scales the current, not the on/off of φ.",,,,current ∝ area; no area cliff,medium,"No minimum emitting area is extracted. Space-charge / Child–Langmuir is a collection ceiling, not this capacity.",2026-08-17
work-function-thermionic:hardware_scale:single-electron,work-function-thermionic,library/work-function-thermionic.md,hardware_scale,requirement,scale,node_count,"The conversion event is single-electron: one occupied state at the surface, one barrier φ, one escape. There is no collective coherence volume analogous to the 10–20 nm mirror buffer.",No collective buffer is required. One electron at a surface is the hardware. The gate lives in a surface atomic layer.,relabel,Negative spatial-buffer spec: the heat-opened gate is single-particle. Contrast with reflection’s 10–20 nm stack.,eq,1.0,1,N = 1 electron,high,Photoelectric twin of the same surface φ. How to query effects that do not need a spatial buffer.,2026-08-17
x-ray-absorption-edge:clock_latency:xray-cycle,x-ray-absorption-edge,library/x-ray-absorption-edge.md,clock_latency,requirement,latency,time,The absorption step itself tracks the X-ray cycle (~10⁻¹⁹ s at 10 keV). The observed edge width is set in part by the core-hole lifetime (femtosecond neighbourhood for many deep holes).,"Conversion latency is the X-ray cycle. Hole lifetime is a smear of the same gate, not a second threshold.",relabel,Inner-shell conversion finishes on the X-ray cycle; eV-scale edge width is a clock smear of Eb.,approx,1e-19,s,~10⁻¹⁹ s at 10 keV; hole lifetime fs,high,,2026-08-17
x-ray-absorption-edge:consistency_gap:underived-eb,x-ray-absorption-edge,library/x-ray-absorption-edge.md,consistency_gap,gap,threshold,energy,QSA takes Eb^(s) from tables. It does not here derive the 8.98 keV of copper’s K shell from a more primitive node rule.,No derivation of the keV class from node rules. The collapse hν < Eb does not depend on that derivation.,open,The gate is located and tabulated; its value is not derived from node rules.,,,,"Eb taken, not derived",medium,File-level mapping remains High. Chemical shifts of a few eV on a 9 keV gate are a small environmental correction to the same barrier.,2026-08-17
x-ray-absorption-edge:emergent_output:attenuation-step,x-ray-absorption-edge,library/x-ray-absorption-edge.md,emergent_output,output,output,energy,At the Cu K-edge μ/ρ jumps from ≈38 cm² g⁻¹ to ≈278 cm² g⁻¹. The location of the jump is an elemental fingerprint.,"An element-specific step in μ(E) at Eb^(s), reproducible enough to identify the element and, with finer structure, its local chemistry.",relabel,The machine’s stable product is a named-shell attenuation jump.,eq,1.439e-15,J,Cu K step at 8.979 keV; μ/ρ 38 → 278 cm² g⁻¹,high,XANES/EXAFS ride on the open channel; they do not create a second jump. The jump exists in atomic vapours.,2026-08-17
x-ray-absorption-edge:energy_barrier:k-edge,x-ray-absorption-edge,library/x-ray-absorption-edge.md,energy_barrier,requirement,threshold,energy,Cu K-edge at 8.9789 keV (~8.98 keV class); Cu L1 at 1.096 keV. Binding energies run from tens of eV (shallow cores) to tens of keV (deep K shells).,"Shell binding energies Eb^(K), Eb^(L), … are the operating gates — the same discrete energetic lock as φ and Eg, relocated to keV.",relabel,The X-ray absorption edge is a photoelectric-class inner-shell energy gate.,eq,1.439e-15,J,Cu K-edge 8.979 keV,high,value_si is Cu K (8.979 keV). Chemical shifts of a few eV relocate the same gate. Fluorescence and Auger are relaxation after the gate opens.,2026-08-17
x-ray-absorption-edge:failure_mode:missing-element,x-ray-absorption-edge,library/x-ray-absorption-edge.md,failure_mode,failure,scale,node_count,Removing the element removes the edge. If the shell is already empty (highly ionized species) there is no jump.,"Missing hardware — no atom, or no occupied shell — closes that named gate.",envelope,The K-edge (or L-edge) is absent when the inner-shell node is not present.,,,,element absent or shell empty,high,,2026-08-17
x-ray-absorption-edge:failure_mode:under-threshold,x-ray-absorption-edge,library/x-ray-absorption-edge.md,failure_mode,failure,threshold,energy,Below Eb^(s) that shell does not convert. At the Cu K-edge μ/ρ jumps from ≈38 cm² g⁻¹ to ≈278 cm² g⁻¹ only once the K channel opens.,Under-threshold input is the non-occurrence of that shell’s conversion. That is the collapse of this edge.,relabel,Below the binding energy the named shell’s gate stays shut.,max,1.439e-15,J,hν < Eb^(s) (Cu K 8.979 keV),high,"Shallower shells and scattering may still attenuate the beam; they are other channels. Pair production at still higher energy is another family member, not this failure.",2026-08-17
x-ray-absorption-edge:hardware_scale:single-atom,x-ray-absorption-edge,library/x-ray-absorption-edge.md,hardware_scale,requirement,scale,node_count,"The conversion event is one atom, one occupied inner shell. Thinning the sample reduces optical depth in proportion and does not close the atomic gate. Removing the element removes the edge.",No collective coherence length analogous to optical reflection. One occupied inner shell is the hardware.,relabel,Negative spatial-buffer spec: the gate is single-particle.,eq,1.0,1,N = 1 atom (occupied shell),high,How to query effects that do not need a spatial buffer.,2026-08-17
